Timestamp,MMSI,Latitude,Longitude,Speed,Course-sin,Course-cos,Length,Width,Vesseltype,Distance,Timestamp,MMSI,Latitude,Longitude,Speed,Course-sin,Course-cos,Length,Width,Vesseltype,Distance,WindDirection,WindSpeed,Visibility
1618333209.0,303668000.0,37.812675,-122.496308,13.470422,-0.895849,-0.44436,31.0,41.0,12.0,1.0,1618333209.0,366985270.0,37.817726,-122.480218,5.145896,-0.906715,0.421745,60.0,25.0,9.0,0.988094,240.0,12.523333333333332,7.119166666666667
1618333210.0,303668000.0,37.812647,-122.496379,13.469553,-0.895603,-0.444855,31.0,41.0,12.0,0.997013,1618333210.0,366985270.0,37.817736,-122.480246,4.943418,-0.887817,0.460197,60.0,25.0,9.0,0.989562,240.0,12.522222222222222,7.1194444444444445
1618333211.0,303668000.0,37.812619,-122.496449,13.468628,-0.895362,-0.445339,31.0,41.0,12.0,0.994027,1618333211.0,366985270.0,37.817746,-122.480271,4.752193,-0.86596,0.500114,60.0,25.0,9.0,0.990928,240.0,12.52111111111111,7.119722222222222
1618333212.0,303668000.0,37.812592,-122.49652,13.467646,-0.895127,-0.445812,31.0,41.0,12.0,0.991042,1618333212.0,366985270.0,37.817757,-122.480295,4.572826,-0.840822,0.541312,60.0,25.0,9.0,0.992192,240.0,12.52,7.12
1618333213.0,303668000.0,37.812564,-122.496591,13.466607,-0.894897,-0.446273,31.0,41.0,12.0,0.988057,1618333213.0,366985270.0,37.817769,-122.480318,4.405946,-0.81209,0.583533,60.0,25.0,9.0,0.993356,240.0,12.518888888888888,7.120277777777778
1618333214.0,303668000.0,37.812536,-122.496661,13.465512,-0.894672,-0.446724,31.0,41.0,12.0,0.985072,1618333214.0,366985270.0,37.81778,-122.480339,4.252185,-0.779477,0.626431,60.0,25.0,9.0,0.994421,240.0,12.517777777777775,7.120555555555556
1618333215.0,303668000.0,37.812508,-122.496732,13.464359,-0.894453,-0.447163,31.0,41.0,12.0,0.982088,1618333215.0,366985270.0,37.817793,-122.480358,4.112164,-0.742749,0.66957,60.0,25.0,9.0,0.995388,240.0,12.516666666666667,7.120833333333334
1618333216.0,303668000.0,37.81248,-122.496802,13.463148,-0.894239,-0.44759,31.0,41.0,12.0,0.979104,1618333216.0,366985270.0,37.817806,-122.480376,3.98647,-0.701748,0.712425,60.0,25.0,9.0,0.996259,240.0,12.515555555555556,7.121111111111111
1618333217.0,303668000.0,37.812453,-122.496873,13.46188,-0.89403,-0.448007,31.0,41.0,12.0,0.976121,1618333217.0,366985270.0,37.817819,-122.480393,3.875627,-0.656425,0.754391,60.0,25.0,9.0,0.997035,240.0,12.514444444444443,7.121388888888889
1618333218.0,303668000.0,37.812425,-122.496943,13.460553,-0.893827,-0.448412,31.0,41.0,12.0,0.973138,1618333218.0,366985270.0,37.817832,-122.480408,3.780063,-0.606864,0.794806,60.0,25.0,9.0,0.997718,240.0,12.513333333333334,7.121666666666667
1618333219.0,303668000.0,37.812397,-122.497014,13.459169,-0.893629,-0.448806,31.0,41.0,12.0,0.970156,1618333219.0,366985270.0,37.817846,-122.480421,3.700084,-0.553305,0.832978,60.0,25.0,9.0,0.998309,240.0,12.512222222222222,7.121944444444445
1618333220.0,303668000.0,37.812369,-122.497084,13.457725,-0.893437,-0.449189,31.0,41.0,12.0,0.967174,1618333220.0,366985270.0,37.81786,-122.480433,3.63584,-0.496154,0.868235,60.0,25.0,9.0,0.998809,240.0,12.511111111111113,7.122222222222222
1618333221.0,303668000.0,37.812341,-122.497155,13.456224,-0.89325,-0.449561,31.0,41.0,12.0,0.964193,1618333221.0,366985270.0,37.817875,-122.480444,3.587304,-0.435972,0.89996,60.0,25.0,9.0,0.99922,240.0,12.51,7.1225
1618333222.0,303668000.0,37.812313,-122.497225,13.454663,-0.893068,-0.449921,31.0,41.0,12.0,0.961213,1618333222.0,366985270.0,37.81789,-122.480453,3.554257,-0.373456,0.927648,60.0,25.0,9.0,0.999544,240.0,12.508888888888889,7.122777777777777
1618333223.0,303668000.0,37.812285,-122.497295,13.453043,-0.892892,-0.45027,31.0,41.0,12.0,0.958233,1618333223.0,366985270.0,37.817905,-122.48046,3.536281,-0.309398,0.950933,60.0,25.0,9.0,0.99978,240.0,12.507777777777775,7.123055555555555
1618333224.0,303668000.0,37.812257,-122.497366,13.451364,-0.892722,-0.450609,31.0,41.0,12.0,0.955253,1618333224.0,366985270.0,37.817921,-122.480467,3.532772,-0.244637,0.969615,60.0,25.0,9.0,0.999932,240.0,12.506666666666666,7.123333333333333
1618333225.0,303668000.0,37.812229,-122.497436,13.449625,-0.892557,-0.450936,31.0,41.0,12.0,0.952274,1618333225.0,366985270.0,37.817937,-122.480472,3.54296,-0.180003,0.983666,60.0,25.0,9.0,1.0,240.0,12.505555555555556,7.123611111111111
1618333226.0,303668000.0,37.812201,-122.497506,13.447826,-0.892397,-0.451251,31.0,41.0,12.0,0.949296,1618333226.0,366985270.0,37.817953,-122.480476,3.565933,-0.116268,0.993218,60.0,25.0,9.0,0.999986,240.0,12.504444444444443,7.123888888888889
1618333227.0,303668000.0,37.812173,-122.497577,13.445968,-0.892243,-0.451556,31.0,41.0,12.0,0.946318,1618333227.0,366985270.0,37.817969,-122.480478,3.600681,-0.05411,0.998535,60.0,25.0,9.0,0.99989,240.0,12.503333333333334,7.1241666666666665
1618333228.0,303668000.0,37.812145,-122.497647,13.44405,-0.892094,-0.451849,31.0,41.0,12.0,0.943341,1618333228.0,366985270.0,37.817986,-122.480479,3.646124,0.005916,0.999982,60.0,25.0,9.0,0.999715,240.0,12.502222222222224,7.124444444444444
1618333229.0,303668000.0,37.812116,-122.497717,13.442071,-0.891951,-0.452132,31.0,41.0,12.0,0.940364,1618333229.0,366985270.0,37.818003,-122.480479,3.701156,0.063388,0.997989,60.0,25.0,9.0,0.999462,240.0,12.501111111111111,7.124722222222222
1618333230.0,303668000.0,37.812088,-122.497787,13.440032,-0.891814,-0.452403,31.0,41.0,12.0,0.937388,1618333230.0,366985270.0,37.81802,-122.480478,3.764671,0.118013,0.993012,60.0,25.0,9.0,0.999132,240.0,12.5,7.125
1618333231.0,303668000.0,37.81206,-122.497857,13.437933,-0.891682,-0.452663,31.0,41.0,12.0,0.934413,1618333231.0,366985270.0,37.818037,-122.480475,3.83559,0.169617,0.98551,60.0,25.0,9.0,0.998726,240.0,12.498888888888889,7.125277777777778
1618333232.0,303668000.0,37.812032,-122.497928,13.435773,-0.891555,-0.452912,31.0,41.0,12.0,0.931438,1618333232.0,366985270.0,37.818054,-122.480471,3.912882,0.21813,0.97592,60.0,25.0,9.0,0.998247,240.0,12.497777777777776,7.125555555555556
1618333233.0,303668000.0,37.812004,-122.497998,13.433552,-0.891434,-0.45315,31.0,41.0,12.0,0.928464,1618333233.0,366985270.0,37.818072,-122.480466,3.995578,0.263563,0.964642,60.0,25.0,9.0,0.997694,240.0,12.496666666666666,7.1258333333333335
1618333234.0,303668000.0,37.811976,-122.498068,13.43127,-0.891319,-0.453377,31.0,41.0,12.0,0.925491,1618333234.0,366985270.0,37.81809,-122.48046,4.082777,0.30599,0.952035,60.0,25.0,9.0,0.997071,240.0,12.495555555555557,7.126111111111111
1618333235.0,303668000.0,37.811948,-122.498138,13.428927,-0.891209,-0.453592,31.0,41.0,12.0,0.922518,1618333235.0,366985270.0,37.818108,-122.480453,4.173651,0.345531,0.938407,60.0,25.0,9.0,0.996377,240.0,12.494444444444444,7.126388888888889
1618333236.0,303668000.0,37.811919,-122.498208,13.426523,-0.891105,-0.453797,31.0,41.0,12.0,0.919546,1618333236.0,366985270.0,37.818126,-122.480444,4.267447,0.382335,0.924024,60.0,25.0,9.0,0.995614,240.0,12.493333333333334,7.126666666666667
1618333237.0,303668000.0,37.811891,-122.498278,13.424057,-0.891007,-0.45399,31.0,41.0,12.0,0.916574,1618333237.0,366985270.0,37.818144,-122.480435,4.363482,0.416569,0.909104,60.0,25.0,9.0,0.994784,240.0,12.492222222222225,7.126944444444445
1618333238.0,303668000.0,37.811863,-122.498348,13.42153,-0.890914,-0.454172,31.0,41.0,12.0,0.913603,1618333238.0,366985270.0,37.818163,-122.480424,4.461144,0.448411,0.893827,60.0,25.0,9.0,0.993889,240.0,12.491111111111111,7.127222222222223
1618333239.0,303668000.0,37.811835,-122.498418,13.418942,-0.890827,-0.454343,31.0,41.0,12.0,0.910633,1618333239.0,366985270.0,37.818181,-122.480412,4.559882,0.478038,0.878339,60.0,25.0,9.0,0.992928,240.0,12.49,7.1275
1618333240.0,303668000.0,37.811807,-122.498488,13.416292,-0.890745,-0.454503,31.0,41.0,12.0,0.907663,1618333240.0,366985270.0,37.8182,-122.4804,4.659205,0.505622,0.862755,60.0,25.0,9.0,0.991905,240.0,12.488888888888887,7.127777777777778
1618333241.0,303668000.0,37.811778,-122.498558,13.41358,-0.890669,-0.454652,31.0,41.0,12.0,0.904694,1618333241.0,366985270.0,37.818218,-122.480386,4.758674,0.53133,0.847165,60.0,25.0,9.0,0.990819,240.0,12.487777777777778,7.128055555555555
1618333242.0,303668000.0,37.81175,-122.498628,13.410807,-0.890599,-0.45479,31.0,41.0,12.0,0.901726,1618333242.0,366985270.0,37.818237,-122.480371,4.857901,0.555321,0.831636,60.0,25.0,9.0,0.989673,240.0,12.486666666666666,7.128333333333333
1618333243.0,303668000.0,37.811722,-122.498698,13.407971,-0.890534,-0.454916,31.0,41.0,12.0,0.898758,1618333243.0,366985270.0,37.818256,-122.480355,4.95654,0.577741,0.81622,60.0,25.0,9.0,0.988467,240.0,12.485555555555557,7.128611111111111
1618333244.0,303668000.0,37.811694,-122.498768,13.405074,-0.890475,-0.455031,31.0,41.0,12.0,0.895792,1618333244.0,366985270.0,37.818274,-122.480339,5.054282,0.598725,0.800954,60.0,25.0,9.0,0.987204,240.0,12.484444444444444,7.128888888888889
1618333245.0,303668000.0,37.811665,-122.498838,13.402114,-0.890422,-0.455136,31.0,41.0,12.0,0.892825,1618333245.0,366985270.0,37.818293,-122.480321,5.150857,0.6184,0.785863,60.0,25.0,9.0,0.985885,240.0,12.483333333333333,7.129166666666666
1618333246.0,303668000.0,37.811637,-122.498908,13.399093,-0.890374,-0.455229,31.0,41.0,12.0,0.88986,1618333246.0,366985270.0,37.818312,-122.480302,5.246022,0.636881,0.770962,60.0,25.0,9.0,0.98451,240.0,12.482222222222225,7.129444444444444
1618333247.0,303668000.0,37.811609,-122.498978,13.39601,-0.890333,-0.455311,31.0,41.0,12.0,0.886895,1618333247.0,366985270.0,37.81833,-122.480283,5.339565,0.654271,0.75626,60.0,25.0,9.0,0.983081,240.0,12.481111111111112,7.129722222222222
1618333248.0,303668000.0,37.811581,-122.499048,13.392864,-0.890296,-0.455382,31.0,41.0,12.0,0.883931,1618333248.0,366985270.0,37.818349,-122.480262,5.431295,0.670666,0.741759,60.0,25.0,9.0,0.9816,240.0,12.48,7.13
1618333249.0,303668000.0,37.811553,-122.499117,13.389656,-0.890266,-0.455441,31.0,41.0,12.0,0.880968,1618333249.0,366985270.0,37.818368,-122.480241,5.521046,0.686154,0.727457,60.0,25.0,9.0,0.980067,240.0,12.47888888888889,7.130277777777778
1618333250.0,303668000.0,37.811524,-122.499187,13.386386,-0.890241,-0.45549,31.0,41.0,12.0,0.878006,1618333250.0,366985270.0,37.818386,-122.480219,5.608671,0.700811,0.713347,60.0,25.0,9.0,0.978485,240.0,12.477777777777778,7.130555555555556
1618333251.0,303668000.0,37.811496,-122.499257,13.383053,-0.890222,-0.455527,31.0,41.0,12.0,0.875044,1618333251.0,366985270.0,37.818405,-122.480196,5.694039,0.714709,0.699422,60.0,25.0,9.0,0.976854,240.0,12.476666666666668,7.130833333333333
1618333252.0,303668000.0,37.811468,-122.499327,13.379659,-0.890208,-0.455553,31.0,41.0,12.0,0.872083,1618333252.0,366985270.0,37.818423,-122.480172,5.777036,0.727913,0.68567,60.0,25.0,9.0,0.975176,240.0,12.475555555555555,7.131111111111111
1618333253.0,303668000.0,37.81144,-122.499396,13.376202,-0.890201,-0.455568,31.0,41.0,12.0,0.869123,1618333253.0,366985270.0,37.818442,-122.480147,5.857562,0.74048,0.672079,60.0,25.0,9.0,0.973453,240.0,12.474444444444444,7.131388888888889
1618333254.0,303668000.0,37.811412,-122.499466,13.372682,-0.890199,-0.455572,31.0,41.0,12.0,0.866163,1618333254.0,366985270.0,37.81846,-122.480122,5.93553,0.752464,0.658634,60.0,25.0,9.0,0.971685,240.0,12.473333333333333,7.131666666666667
1618333255.0,303668000.0,37.811383,-122.499536,13.369101,-0.890203,-0.455565,31.0,41.0,12.0,0.863205,1618333255.0,366985270.0,37.818478,-122.480096,6.010864,0.763911,0.645321,60.0,25.0,9.0,0.969873,240.0,12.47222222222222,7.131944444444445
1618333256.0,303668000.0,37.811355,-122.499606,13.365457,-0.890212,-0.455546,31.0,41.0,12.0,0.860247,1618333256.0,366985270.0,37.818496,-122.480069,6.083498,0.774866,0.632126,60.0,25.0,9.0,0.96802,240.0,12.471111111111112,7.132222222222223
1618333257.0,303668000.0,37.811327,-122.499675,13.36175,-0.890227,-0.455516,31.0,41.0,12.0,0.85729,1618333257.0,366985270.0,37.818514,-122.480041,6.153376,0.785367,0.619031,60.0,25.0,9.0,0.966127,240.0,12.47,7.1325
1618333258.0,303668000.0,37.811299,-122.499745,13.357982,-0.890248,-0.455475,31.0,41.0,12.0,0.854334,1618333258.0,366985270.0,37.818531,-122.480013,6.220451,0.795449,0.60602,60.0,25.0,9.0,0.964194,240.0,12.46888888888889,7.132777777777778
1618333259.0,303668000.0,37.811271,-122.499815,13.354151,-0.890275,-0.455423,31.0,41.0,12.0,0.851378,1618333259.0,366985270.0,37.818549,-122.479984,6.284684,0.805145,0.593078,60.0,25.0,9.0,0.962223,240.0,12.467777777777778,7.133055555555556
1618333260.0,303668000.0,37.811243,-122.499884,13.350258,-0.890308,-0.455359,31.0,41.0,12.0,0.848424,1618333260.0,366985270.0,37.818566,-122.479954,6.346043,0.814483,0.580188,60.0,25.0,9.0,0.960216,240.0,12.466666666666669,7.133333333333334
1618333261.0,303668000.0,37.811214,-122.499954,13.346303,-0.890346,-0.455285,31.0,41.0,12.0,0.84547,1618333261.0,366985270.0,37.818583,-122.479924,6.404503,0.823489,0.567332,60.0,25.0,9.0,0.958174,240.0,12.465555555555556,7.133611111111111
1618333262.0,303668000.0,37.811186,-122.500023,13.342285,-0.89039,-0.455199,31.0,41.0,12.0,0.842517,1618333262.0,366985270.0,37.8186,-122.479893,6.460045,0.832187,0.554495,60.0,25.0,9.0,0.956098,240.0,12.464444444444444,7.1338888888888885
1618333263.0,303668000.0,37.811158,-122.500093,13.338206,-0.89044,-0.455101,31.0,41.0,12.0,0.839565,1618333263.0,366985270.0,37.818616,-122.479862,6.512658,0.840598,0.541659,60.0,25.0,9.0,0.953989,240.0,12.463333333333331,7.134166666666666
1618333264.0,303668000.0,37.81113,-122.500162,13.334064,-0.890495,-0.454992,31.0,41.0,12.0,0.836614,1618333264.0,366985270.0,37.818633,-122.479829,6.562334,0.848741,0.528809,60.0,25.0,9.0,0.951849,240.0,12.462222222222222,7.134444444444444
1618333265.0,303668000.0,37.811102,-122.500232,13.329861,-0.890557,-0.454872,31.0,41.0,12.0,0.833663,1618333265.0,366985270.0,37.818649,-122.479797,6.609074,0.856633,0.515927,60.0,25.0,9.0,0.94968,240.0,12.46111111111111,7.134722222222222
1618333266.0,303668000.0,37.811074,-122.500302,13.325595,-0.890624,-0.454741,31.0,41.0,12.0,0.830714,1618333266.0,366985270.0,37.818665,-122.479764,6.65288,0.864289,0.502996,60.0,25.0,9.0,0.947481,240.0,12.46,7.135
1618333267.0,303668000.0,37.811046,-122.500371,13.321268,-0.890697,-0.454598,31.0,41.0,12.0,0.827765,1618333267.0,366985270.0,37.81868,-122.47973,6.694474,0.87169,0.490058,60.0,25.0,9.0,0.945256,240.0,12.45888888888889,7.135277777777778
1618333268.0,303668000.0,37.811018,-122.500441,13.316879,-0.890775,-0.454444,31.0,41.0,12.0,0.824817,1618333268.0,366985270.0,37.818695,-122.479696,6.736671,0.87872,0.477338,60.0,25.0,9.0,0.943004,240.0,12.457777777777778,7.135555555555555
1618333269.0,303668000.0,37.81099,-122.50051,13.312455,-0.890858,-0.454282,31.0,41.0,12.0,0.82187,1618333269.0,366985270.0,37.81871,-122.479661,6.780089,0.885363,0.464901,60.0,25.0,9.0,0.940727,240.0,12.456666666666669,7.135833333333333
1618333270.0,303668000.0,37.810962,-122.500579,13.308104,-0.89094,-0.454121,31.0,41.0,12.0,0.818924,1618333270.0,366985270.0,37.818725,-122.479626,6.824629,0.891635,0.452756,60.0,25.0,9.0,0.938424,240.0,12.455555555555556,7.136111111111111
1618333271.0,303668000.0,37.810934,-122.500649,13.303852,-0.89102,-0.453965,31.0,41.0,12.0,0.815979,1618333271.0,366985270.0,37.818739,-122.47959,6.870197,0.897552,0.440908,60.0,25.0,9.0,0.936097,240.0,12.454444444444444,7.136388888888889
1618333272.0,303668000.0,37.810906,-122.500718,13.2997,-0.891097,-0.453813,31.0,41.0,12.0,0.813035,1618333272.0,366985270.0,37.818753,-122.479554,6.916703,0.903132,0.429363,60.0,25.0,9.0,0.933744,240.0,12.453333333333331,7.136666666666667
1618333273.0,303668000.0,37.810878,-122.500788,13.295647,-0.891172,-0.453666,31.0,41.0,12.0,0.810091,1618333273.0,366985270.0,37.818767,-122.479518,6.964057,0.90839,0.418125,60.0,25.0,9.0,0.931366,240.0,12.452222222222222,7.1369444444444445
1618333274.0,303668000.0,37.81085,-122.500857,13.291694,-0.891244,-0.453524,31.0,41.0,12.0,0.807149,1618333274.0,366985270.0,37.81878,-122.479481,7.012176,0.913341,0.407196,60.0,25.0,9.0,0.928964,240.0,12.45111111111111,7.137222222222222
1618333275.0,303668000.0,37.810822,-122.500926,13.28784,-0.891314,-0.453387,31.0,41.0,12.0,0.804207,1618333275.0,366985270.0,37.818793,-122.479443,7.060978,0.918001,0.396578,60.0,25.0,9.0,0.926537,240.0,12.45,7.1375
1618333276.0,303668000.0,37.810795,-122.500996,13.284085,-0.891381,-0.453254,31.0,41.0,12.0,0.801266,1618333276.0,366985270.0,37.818806,-122.479405,7.110385,0.922385,0.386272,60.0,25.0,9.0,0.924087,240.0,12.448888888888888,7.137777777777778
1618333277.0,303668000.0,37.810767,-122.501065,13.28043,-0.891447,-0.453126,31.0,41.0,12.0,0.798325,1618333277.0,366985270.0,37.818819,-122.479367,7.160323,0.926507,0.376278,60.0,25.0,9.0,0.921612,240.0,12.447777777777778,7.138055555555556
1618333278.0,303668000.0,37.810739,-122.501134,13.276874,-0.891509,-0.453002,31.0,41.0,12.0,0.795386,1618333278.0,366985270.0,37.818831,-122.479328,7.210719,0.93038,0.366595,60.0,25.0,9.0,0.919114,240.0,12.446666666666667,7.138333333333334
1618333279.0,303668000.0,37.810711,-122.501204,13.273417,-0.89157,-0.452884,31.0,41.0,12.0,0.792447,1618333279.0,366985270.0,37.818844,-122.479289,7.261504,0.934019,0.357223,60.0,25.0,9.0,0.916593,240.0,12.445555555555556,7.138611111111112
1618333280.0,303668000.0,37.810683,-122.501273,13.27006,-0.891627,-0.45277,31.0,41.0,12.0,0.789509,1618333280.0,366985270.0,37.818856,-122.479249,7.312614,0.937435,0.348159,60.0,25.0,9.0,0.914048,240.0,12.444444444444445,7.138888888888889
1618333281.0,303668000.0,37.810655,-122.501342,13.266801,-0.891683,-0.45266,31.0,41.0,12.0,0.786571,1618333281.0,366985270.0,37.818868,-122.479209,7.363985,0.940642,0.339402,60.0,25.0,9.0,0.911481,240.0,12.443333333333332,7.139166666666666
1618333282.0,303668000.0,37.810628,-122.501412,13.263642,-0.891736,-0.452556,31.0,41.0,12.0,0.783635,1618333282.0,366985270.0,37.818879,-122.479168,7.415558,0.943649,0.330947,60.0,25.0,9.0,0.90889,240.0,12.442222222222222,7.139444444444444
1618333283.0,303668000.0,37.8106,-122.501481,13.260582,-0.891787,-0.452456,31.0,41.0,12.0,0.780698,1618333283.0,366985270.0,37.81889,-122.479127,7.467276,0.94647,0.322793,60.0,25.0,9.0,0.906278,240.0,12.44111111111111,7.139722222222222
1618333284.0,303668000.0,37.810572,-122.50155,13.257621,-0.891835,-0.452361,31.0,41.0,12.0,0.777763,1618333284.0,366985270.0,37.818902,-122.479086,7.519084,0.949113,0.314935,60.0,25.0,9.0,0.903643,240.0,12.44,7.14
1618333285.0,303668000.0,37.810544,-122.501619,13.25476,-0.891881,-0.452271,31.0,41.0,12.0,0.774828,1618333285.0,366985270.0,37.818913,-122.479044,7.570932,0.95159,0.30737,60.0,25.0,9.0,0.900986,240.0,12.438888888888888,7.1402777777777775
1618333286.0,303668000.0,37.810517,-122.501689,13.251997,-0.891924,-0.452185,31.0,41.0,12.0,0.771894,1618333286.0,366985270.0,37.818923,-122.479002,7.622769,0.953909,0.300095,60.0,25.0,9.0,0.898308,240.0,12.43777777777778,7.140555555555555
1618333287.0,303668000.0,37.810489,-122.501758,13.249333,-0.891965,-0.452105,31.0,41.0,12.0,0.76896,1618333287.0,366985270.0,37.818934,-122.478959,7.67455,0.956081,0.293104,60.0,25.0,9.0,0.895608,240.0,12.436666666666667,7.140833333333333
1618333288.0,303668000.0,37.810461,-122.501827,13.246769,-0.892003,-0.452029,31.0,41.0,12.0,0.766027,1618333288.0,366985270.0,37.818944,-122.478916,7.726229,0.958112,0.286394,60.0,25.0,9.0,0.892888,240.0,12.435555555555556,7.141111111111111
1618333289.0,303668000.0,37.810433,-122.501896,13.244303,-0.89204,-0.451957,31.0,41.0,12.0,0.763094,1618333289.0,366985270.0,37.818955,-122.478873,7.777766,0.960012,0.27996,60.0,25.0,9.0,0.890146,240.0,12.434444444444445,7.141388888888889
1618333290.0,303668000.0,37.810406,-122.501965,13.241937,-0.892073,-0.451891,31.0,41.0,12.0,0.760162,1618333290.0,366985270.0,37.818965,-122.478829,7.82912,0.961787,0.273799,60.0,25.0,9.0,0.887383,240.0,12.433333333333334,7.141666666666667
1618333291.0,303668000.0,37.810378,-122.502035,13.239669,-0.892104,-0.451829,31.0,41.0,12.0,0.75723,1618333291.0,366985270.0,37.818975,-122.478785,7.880254,0.963446,0.267904,60.0,25.0,9.0,0.8846,240.0,12.432222222222222,7.141944444444444
1618333292.0,303668000.0,37.81035,-122.502104,13.237501,-0.892133,-0.451772,31.0,41.0,12.0,0.754299,1618333292.0,366985270.0,37.818984,-122.478741,7.931132,0.964994,0.262273,60.0,25.0,9.0,0.881797,240.0,12.431111111111113,7.142222222222222
1618333293.0,303668000.0,37.810323,-122.502173,13.235431,-0.89216,-0.45172,31.0,41.0,12.0,0.751368,1618333293.0,366985270.0,37.818994,-122.478696,7.981721,0.966438,0.2569,60.0,25.0,9.0,0.878974,240.0,12.43,7.1425
1618333294.0,303668000.0,37.810295,-122.502242,13.233461,-0.892184,-0.451673,31.0,41.0,12.0,0.748437,1618333294.0,366985270.0,37.819003,-122.478651,8.031989,0.967784,0.251781,60.0,25.0,9.0,0.876132,240.0,12.428888888888888,7.142777777777778
1618333295.0,303668000.0,37.810267,-122.502311,13.231589,-0.892205,-0.451631,31.0,41.0,12.0,0.745507,1618333295.0,366985270.0,37.819013,-122.478605,8.081906,0.969038,0.246912,60.0,25.0,9.0,0.87327,240.0,12.427777777777775,7.143055555555556
1618333296.0,303668000.0,37.81024,-122.50238,13.229816,-0.892224,-0.451593,31.0,41.0,12.0,0.742578,1618333296.0,366985270.0,37.819022,-122.478559,8.131445,0.970204,0.242288,60.0,25.0,9.0,0.870389,240.0,12.426666666666666,7.1433333333333335
1618333297.0,303668000.0,37.810212,-122.502449,13.228142,-0.892241,-0.45156,31.0,41.0,12.0,0.739649,1618333297.0,366985270.0,37.819031,-122.478513,8.180578,0.971289,0.237904,60.0,25.0,9.0,0.867489,240.0,12.425555555555556,7.143611111111111
1618333298.0,303668000.0,37.810185,-122.502519,13.226568,-0.892255,-0.451532,31.0,41.0,12.0,0.73672,1618333298.0,366985270.0,37.81904,-122.478466,8.229282,0.972295,0.233758,60.0,25.0,9.0,0.86457,240.0,12.424444444444443,7.143888888888889
1618333299.0,303668000.0,37.810157,-122.502588,13.225092,-0.892267,-0.451509,31.0,41.0,12.0,0.733791,1618333299.0,366985270.0,37.819049,-122.47842,8.277532,0.973228,0.229843,60.0,25.0,9.0,0.861633,240.0,12.423333333333334,7.144166666666667
1618333300.0,303668000.0,37.810129,-122.502657,13.223714,-0.892276,-0.45149,31.0,41.0,12.0,0.730863,1618333300.0,366985270.0,37.819058,-122.478372,8.325308,0.974091,0.226157,60.0,25.0,9.0,0.858678,240.0,12.422222222222222,7.144444444444445
1618333301.0,303668000.0,37.810102,-122.502726,13.222436,-0.892283,-0.451477,31.0,41.0,12.0,0.727935,1618333301.0,366985270.0,37.819067,-122.478325,8.372589,0.974888,0.222696,60.0,25.0,9.0,0.855705,240.0,12.421111111111111,7.144722222222223
1618333302.0,303668000.0,37.810074,-122.502795,13.221257,-0.892287,-0.451468,31.0,41.0,12.0,0.725008,1618333302.0,366985270.0,37.819075,-122.478277,8.419356,0.975623,0.219455,60.0,25.0,9.0,0.852714,240.0,12.42,7.145
1618333303.0,303668000.0,37.810046,-122.502864,13.220177,-0.892289,-0.451464,31.0,41.0,12.0,0.72208,1618333303.0,366985270.0,37.819084,-122.478229,8.465592,0.976298,0.21643,60.0,25.0,9.0,0.849706,240.0,12.418888888888889,7.145277777777777
1618333304.0,303668000.0,37.810019,-122.502933,13.219195,-0.892289,-0.451464,31.0,41.0,12.0,0.719153,1618333304.0,366985270.0,37.819092,-122.478181,8.511281,0.976917,0.213618,60.0,25.0,9.0,0.846681,240.0,12.417777777777776,7.145555555555555
1618333305.0,303668000.0,37.809991,-122.503002,13.218312,-0.892286,-0.45147,31.0,41.0,12.0,0.716226,1618333305.0,366985270.0,37.819101,-122.478132,8.556409,0.977483,0.211016,60.0,25.0,9.0,0.84364,240.0,12.416666666666666,7.145833333333333
1618333306.0,303668000.0,37.809964,-122.503071,13.217529,-0.892281,-0.451481,31.0,41.0,12.0,0.7133,1618333306.0,366985270.0,37.819109,-122.478083,8.60096,0.977997,0.208619,60.0,25.0,9.0,0.840581,240.0,12.415555555555557,7.146111111111111
1618333307.0,303668000.0,37.809936,-122.50314,13.216844,-0.892273,-0.451496,31.0,41.0,12.0,0.710373,1618333307.0,366985270.0,37.819117,-122.478034,8.644924,0.978462,0.206425,60.0,25.0,9.0,0.837507,240.0,12.414444444444444,7.146388888888889
1618333308.0,303668000.0,37.809908,-122.503209,13.216258,-0.892263,-0.451516,31.0,41.0,12.0,0.707447,1618333308.0,366985270.0,37.819125,-122.477984,8.688288,0.978881,0.204431,60.0,25.0,9.0,0.834416,240.0,12.413333333333334,7.1466666666666665
1618333309.0,303668000.0,37.809881,-122.503278,13.215771,-0.89225,-0.451541,31.0,41.0,12.0,0.70452,1618333309.0,366985270.0,37.819134,-122.477934,8.731042,0.979255,0.202632,60.0,25.0,9.0,0.831309,240.0,12.412222222222224,7.146944444444444
1618333310.0,303668000.0,37.809853,-122.503348,13.215383,-0.892235,-0.451571,31.0,41.0,12.0,0.701594,1618333310.0,366985270.0,37.819142,-122.477884,8.773178,0.979586,0.201027,60.0,25.0,9.0,0.828187,240.0,12.411111111111111,7.147222222222222
1618333311.0,303668000.0,37.809826,-122.503417,13.215094,-0.892218,-0.451605,31.0,41.0,12.0,0.698668,1618333311.0,366985270.0,37.81915,-122.477834,8.814686,0.979875,0.199611,60.0,25.0,9.0,0.82505,240.0,12.41,7.1475
1618333312.0,303668000.0,37.809798,-122.503486,13.214903,-0.892198,-0.451645,31.0,41.0,12.0,0.695742,1618333312.0,366985270.0,37.819158,-122.477783,8.855561,0.980125,0.198383,60.0,25.0,9.0,0.821898,240.0,12.408888888888889,7.147777777777778
1618333313.0,303668000.0,37.80977,-122.503555,13.214812,-0.892176,-0.451689,31.0,41.0,12.0,0.692817,1618333313.0,366985270.0,37.819166,-122.477732,8.895796,0.980335,0.19734,60.0,25.0,9.0,0.818731,240.0,12.407777777777778,7.148055555555556
1618333314.0,303668000.0,37.809743,-122.503624,13.21482,-0.892151,-0.451738,31.0,41.0,12.0,0.689891,1618333314.0,366985270.0,37.819174,-122.477681,8.935385,0.980508,0.196478,60.0,25.0,9.0,0.815549,240.0,12.406666666666666,7.148333333333333
1618333315.0,303668000.0,37.809715,-122.503693,13.214926,-0.892124,-0.451792,31.0,41.0,12.0,0.686965,1618333315.0,366985270.0,37.819183,-122.47763,8.974325,0.980645,0.195796,60.0,25.0,9.0,0.812353,240.0,12.405555555555557,7.148611111111111
1618333316.0,303668000.0,37.809687,-122.503762,13.215132,-0.892094,-0.45185,31.0,41.0,12.0,0.684039,1618333316.0,366985270.0,37.819191,-122.477579,9.012612,0.980745,0.195292,60.0,25.0,9.0,0.809143,240.0,12.404444444444444,7.148888888888889
1618333317.0,303668000.0,37.80966,-122.503831,13.215436,-0.892062,-0.451914,31.0,41.0,12.0,0.681113,1618333317.0,366985270.0,37.819199,-122.477527,9.050244,0.980811,0.194962,60.0,25.0,9.0,0.80592,240.0,12.403333333333332,7.149166666666667
1618333318.0,303668000.0,37.809632,-122.5039,13.21584,-0.892027,-0.451982,31.0,41.0,12.0,0.678188,1618333318.0,366985270.0,37.819207,-122.477475,9.087219,0.980842,0.194804,60.0,25.0,9.0,0.802683,240.0,12.402222222222225,7.149444444444445
1618333319.0,303668000.0,37.809605,-122.503969,13.216343,-0.89199,-0.452055,31.0,41.0,12.0,0.675262,1618333319.0,366985270.0,37.819215,-122.477423,9.123536,0.98084,0.194817,60.0,25.0,9.0,0.799433,240.0,12.401111111111112,7.149722222222223
1618333320.0,303668000.0,37.809577,-122.504038,13.216944,-0.891951,-0.452133,31.0,41.0,12.0,0.672336,1618333320.0,366985270.0,37.819223,-122.47737,9.159196,0.980803,0.194999,60.0,25.0,9.0,0.79617,240.0,12.4,7.15
1618333321.0,303668000.0,37.809549,-122.504107,13.217645,-0.891909,-0.452216,31.0,41.0,12.0,0.66941,1618333321.0,366985270.0,37.819232,-122.477318,9.194198,0.980734,0.195347,60.0,25.0,9.0,0.792894,240.0,12.398888888888887,7.150277777777778
1618333322.0,303668000.0,37.809522,-122.504176,13.218445,-0.891864,-0.452303,31.0,41.0,12.0,0.666484,1618333322.0,366985270.0,37.81924,-122.477265,9.228546,0.980632,0.19586,60.0,25.0,9.0,0.789605,240.0,12.397777777777778,7.150555555555556
1618333323.0,303668000.0,37.809494,-122.504245,13.219343,-0.891818,-0.452395,31.0,41.0,12.0,0.663558,1618333323.0,366985270.0,37.819248,-122.477212,9.262241,0.980497,0.196536,60.0,25.0,9.0,0.786305,240.0,12.396666666666668,7.150833333333333
1618333324.0,303668000.0,37.809466,-122.504314,13.220341,-0.891768,-0.452492,31.0,41.0,12.0,0.660631,1618333324.0,366985270.0,37.819257,-122.477159,9.295287,0.980329,0.197372,60.0,25.0,9.0,0.782992,240.0,12.395555555555555,7.151111111111111
1618333325.0,303668000.0,37.809439,-122.504383,13.221438,-0.891717,-0.452594,31.0,41.0,12.0,0.657705,1618333325.0,366985270.0,37.819265,-122.477105,9.327687,0.980127,0.198369,60.0,25.0,9.0,0.779668,240.0,12.394444444444444,7.151388888888889
1618333326.0,303668000.0,37.809411,-122.504452,13.222635,-0.891662,-0.452701,31.0,41.0,12.0,0.654778,1618333326.0,366985270.0,37.819274,-122.477052,9.359446,0.979893,0.199523,60.0,25.0,9.0,0.776333,240.0,12.393333333333333,7.151666666666666
1618333327.0,303668000.0,37.809383,-122.504521,13.22393,-0.891606,-0.452812,31.0,41.0,12.0,0.651851,1618333327.0,366985270.0,37.819282,-122.476998,9.39057,0.979625,0.200834,60.0,25.0,9.0,0.772986,240.0,12.392222222222223,7.151944444444444
1618333328.0,303668000.0,37.809356,-122.50459,13.225325,-0.891547,-0.452928,31.0,41.0,12.0,0.648924,1618333328.0,366985270.0,37.819291,-122.476944,9.421065,0.979323,0.202301,60.0,25.0,9.0,0.769628,240.0,12.391111111111112,7.152222222222222
1618333329.0,303668000.0,37.809328,-122.504659,13.226819,-0.891485,-0.453049,31.0,41.0,12.0,0.645996,1618333329.0,366985270.0,37.8193,-122.47689,9.450936,0.978994,0.203891,60.0,25.0,9.0,0.76626,240.0,12.39,7.1525
1618333330.0,303668000.0,37.8093,-122.504728,13.228412,-0.891422,-0.453175,31.0,41.0,12.0,0.643069,1618333330.0,366985270.0,37.819309,-122.476836,9.480185,0.97866,0.205487,60.0,25.0,9.0,0.762881,240.0,12.38888888888889,7.152777777777778
1618333331.0,303668000.0,37.809272,-122.504797,13.230104,-0.891355,-0.453306,31.0,41.0,12.0,0.640141,1618333331.0,366985270.0,37.819318,-122.476781,9.508809,0.978328,0.207061,60.0,25.0,9.0,0.759492,240.0,12.387777777777778,7.153055555555556
1618333332.0,303668000.0,37.809245,-122.504866,13.231896,-0.891286,-0.453441,31.0,41.0,12.0,0.637213,1618333332.0,366985270.0,37.819327,-122.476727,9.536809,0.977999,0.208612,60.0,25.0,9.0,0.756093,240.0,12.386666666666668,7.153333333333333
1618333333.0,303668000.0,37.809217,-122.504936,13.233788,-0.891215,-0.453581,31.0,41.0,12.0,0.634284,1618333333.0,366985270.0,37.819336,-122.476672,9.564182,0.977671,0.210141,60.0,25.0,9.0,0.752685,240.0,12.385555555555555,7.153611111111111
1618333334.0,303668000.0,37.809189,-122.505005,13.235778,-0.891142,-0.453725,31.0,41.0,12.0,0.631355,1618333334.0,366985270.0,37.819346,-122.476618,9.590929,0.977346,0.211648,60.0,25.0,9.0,0.749266,240.0,12.384444444444444,7.153888888888889
1618333335.0,303668000.0,37.809161,-122.505074,13.237868,-0.891065,-0.453875,31.0,41.0,12.0,0.628426,1618333335.0,366985270.0,37.819355,-122.476563,9.617049,0.977023,0.213134,60.0,25.0,9.0,0.745839,240.0,12.383333333333333,7.154166666666667
1618333336.0,303668000.0,37.809133,-122.505143,13.240058,-0.890987,-0.454029,31.0,41.0,12.0,0.625496,1618333336.0,366985270.0,37.819364,-122.476508,9.642541,0.976702,0.2146,60.0,25.0,9.0,0.742403,240.0,12.382222222222222,7.154444444444445
1618333337.0,303668000.0,37.809106,-122.505212,13.242347,-0.890906,-0.454188,31.0,41.0,12.0,0.622566,1618333337.0,366985270.0,37.819374,-122.476453,9.667404,0.976383,0.216046,60.0,25.0,9.0,0.738957,240.0,12.38111111111111,7.154722222222222
1618333338.0,303668000.0,37.809078,-122.505281,13.244735,-0.890822,-0.454352,31.0,41.0,12.0,0.619636,1618333338.0,366985270.0,37.819384,-122.476397,9.691638,0.976066,0.217473,60.0,25.0,9.0,0.735503,240.0,12.38,7.155
1618333339.0,303668000.0,37.80905,-122.50535,13.24721,-0.890737,-0.454518,31.0,41.0,12.0,0.616705,1618333339.0,366985270.0,37.819393,-122.476342,9.715241,0.975752,0.21888,60.0,25.0,9.0,0.732041,240.0,12.37888888888889,7.155277777777778
1618333340.0,303668000.0,37.809022,-122.505419,13.249719,-0.890654,-0.454681,31.0,41.0,12.0,0.613774,1618333340.0,366985270.0,37.819403,-122.476286,9.738214,0.975439,0.220268,60.0,25.0,9.0,0.728571,240.0,12.377777777777778,7.155555555555556
1618333341.0,303668000.0,37.808994,-122.505488,13.252247,-0.890574,-0.454839,31.0,41.0,12.0,0.610842,1618333341.0,366985270.0,37.819413,-122.476231,9.760555,0.975129,0.221638,60.0,25.0,9.0,0.725092,240.0,12.376666666666669,7.155833333333334
1618333342.0,303668000.0,37.808966,-122.505557,13.254796,-0.890496,-0.454992,31.0,41.0,12.0,0.60791,1618333342.0,366985270.0,37.819423,-122.476175,9.782265,0.974821,0.22299,60.0,25.0,9.0,0.721606,240.0,12.375555555555556,7.156111111111112
1618333343.0,303668000.0,37.808938,-122.505626,13.257365,-0.89042,-0.455139,31.0,41.0,12.0,0.604977,1618333343.0,366985270.0,37.819433,-122.476119,9.803341,0.974514,0.224325,60.0,25.0,9.0,0.718113,240.0,12.374444444444444,7.1563888888888885
1618333344.0,303668000.0,37.808911,-122.505696,13.259954,-0.890348,-0.455281,31.0,41.0,12.0,0.602044,1618333344.0,366985270.0,37.819443,-122.476063,9.823785,0.97421,0.225642,60.0,25.0,9.0,0.714612,240.0,12.373333333333331,7.156666666666666
1618333345.0,303668000.0,37.808883,-122.505765,13.262562,-0.890278,-0.455418,31.0,41.0,12.0,0.59911,1618333345.0,366985270.0,37.819454,-122.476007,9.843595,0.973908,0.226943,60.0,25.0,9.0,0.711105,240.0,12.372222222222222,7.156944444444444
1618333346.0,303668000.0,37.808855,-122.505834,13.265191,-0.890211,-0.455549,31.0,41.0,12.0,0.596176,1618333346.0,366985270.0,37.819464,-122.475951,9.862771,0.973608,0.228228,60.0,25.0,9.0,0.70759,240.0,12.37111111111111,7.157222222222222
1618333347.0,303668000.0,37.808827,-122.505903,13.26784,-0.890146,-0.455676,31.0,41.0,12.0,0.593241,1618333347.0,366985270.0,37.819474,-122.475895,9.881312,0.97331,0.229496,60.0,25.0,9.0,0.704069,240.0,12.37,7.1575
1618333348.0,303668000.0,37.808799,-122.505972,13.270509,-0.890084,-0.455797,31.0,41.0,12.0,0.590306,1618333348.0,366985270.0,37.819485,-122.475838,9.899217,0.973013,0.230749,60.0,25.0,9.0,0.700542,240.0,12.36888888888889,7.157777777777778
1618333349.0,303668000.0,37.808771,-122.506041,13.273197,-0.890025,-0.455913,31.0,41.0,12.0,0.58737,1618333349.0,366985270.0,37.819496,-122.475782,9.916487,0.972719,0.231986,60.0,25.0,9.0,0.697009,240.0,12.367777777777778,7.158055555555555
1618333350.0,303668000.0,37.808743,-122.50611,13.275905,-0.889968,-0.456023,31.0,41.0,12.0,0.584434,1618333350.0,366985270.0,37.819506,-122.475725,9.93312,0.972427,0.233208,60.0,25.0,9.0,0.693469,240.0,12.366666666666667,7.158333333333333
1618333351.0,303668000.0,37.808715,-122.50618,13.278634,-0.889914,-0.456129,31.0,41.0,12.0,0.581497,1618333351.0,366985270.0,37.819517,-122.475669,9.949117,0.972136,0.234416,60.0,25.0,9.0,0.689925,240.0,12.365555555555556,7.158611111111111
1618333352.0,303668000.0,37.808687,-122.506249,13.281382,-0.889862,-0.456229,31.0,41.0,12.0,0.57856,1618333352.0,366985270.0,37.819528,-122.475612,9.964476,0.971848,0.235609,60.0,25.0,9.0,0.686374,240.0,12.364444444444445,7.158888888888889
1618333353.0,303668000.0,37.808659,-122.506318,13.284149,-0.889814,-0.456324,31.0,41.0,12.0,0.575622,1618333353.0,366985270.0,37.819539,-122.475556,9.979198,0.971561,0.236788,60.0,25.0,9.0,0.682819,240.0,12.363333333333332,7.159166666666667
1618333354.0,303668000.0,37.808631,-122.506387,13.286937,-0.889768,-0.456414,31.0,41.0,12.0,0.572684,1618333354.0,366985270.0,37.819549,-122.475499,9.993281,0.971277,0.237953,60.0,25.0,9.0,0.679259,240.0,12.362222222222222,7.1594444444444445
1618333355.0,303668000.0,37.808603,-122.506457,13.289744,-0.889724,-0.456498,31.0,41.0,12.0,0.569745,1618333355.0,366985270.0,37.81956,-122.475442,10.006726,0.970994,0.239105,60.0,25.0,9.0,0.675694,240.0,12.36111111111111,7.159722222222222
1618333356.0,303668000.0,37.808575,-122.506526,13.292571,-0.889683,-0.456578,31.0,41.0,12.0,0.566805,1618333356.0,366985270.0,37.819572,-122.475385,10.019532,0.970713,0.240244,60.0,25.0,9.0,0.672124,240.0,12.36,7.16
1618333357.0,303668000.0,37.808546,-122.506595,13.295417,-0.889645,-0.456652,31.0,41.0,12.0,0.563865,1618333357.0,366985270.0,37.819583,-122.475328,10.031698,0.970433,0.241369,60.0,25.0,9.0,0.668551,240.0,12.358888888888888,7.160277777777778
1618333358.0,303668000.0,37.808518,-122.506664,13.298283,-0.88961,-0.456721,31.0,41.0,12.0,0.560924,1618333358.0,366985270.0,37.819594,-122.475271,10.043225,0.970156,0.242482,60.0,25.0,9.0,0.664973,240.0,12.357777777777777,7.160555555555556
1618333359.0,303668000.0,37.80849,-122.506734,13.301169,-0.889577,-0.456785,31.0,41.0,12.0,0.557983,1618333359.0,366985270.0,37.819605,-122.475214,10.054111,0.96988,0.243583,60.0,25.0,9.0,0.661391,240.0,12.356666666666667,7.160833333333334
1618333360.0,303668000.0,37.808462,-122.506803,13.304075,-0.889547,-0.456844,31.0,41.0,12.0,0.555041,1618333360.0,366985270.0,37.819616,-122.475157,10.064357,0.969606,0.244671,60.0,25.0,9.0,0.657806,240.0,12.355555555555556,7.161111111111111
1618333361.0,303668000.0,37.808434,-122.506872,13.307,-0.88952,-0.456897,31.0,41.0,12.0,0.552099,1618333361.0,366985270.0,37.819628,-122.4751,10.073962,0.969334,0.245748,60.0,25.0,9.0,0.654218,240.0,12.354444444444445,7.161388888888889
1618333362.0,303668000.0,37.808406,-122.506941,13.309944,-0.889495,-0.456946,31.0,41.0,12.0,0.549156,1618333362.0,366985270.0,37.819639,-122.475042,10.082926,0.969063,0.246813,60.0,25.0,9.0,0.650626,240.0,12.353333333333332,7.161666666666667
1618333363.0,303668000.0,37.808378,-122.507011,13.312909,-0.889473,-0.456989,31.0,41.0,12.0,0.546212,1618333363.0,366985270.0,37.819651,-122.474985,10.091248,0.968794,0.247866,60.0,25.0,9.0,0.647032,240.0,12.352222222222222,7.161944444444444
1618333364.0,303668000.0,37.80835,-122.50708,13.315892,-0.889453,-0.457027,31.0,41.0,12.0,0.543268,1618333364.0,366985270.0,37.819662,-122.474928,10.098927,0.968527,0.248909,60.0,25.0,9.0,0.643435,240.0,12.351111111111113,7.162222222222222
1618333365.0,303668000.0,37.808321,-122.50715,13.318896,-0.889436,-0.457059,31.0,41.0,12.0,0.540323,1618333365.0,366985270.0,37.819674,-122.474871,10.105965,0.968261,0.24994,60.0,25.0,9.0,0.639836,240.0,12.35,7.1625
1618333366.0,303668000.0,37.808293,-122.507219,13.321919,-0.889422,-0.457087,31.0,41.0,12.0,0.537377,1618333366.0,366985270.0,37.819686,-122.474813,10.11236,0.967997,0.250961,60.0,25.0,9.0,0.636234,240.0,12.348888888888888,7.1627777777777775
1618333367.0,303668000.0,37.808265,-122.507288,13.324961,-0.88941,-0.45711,31.0,41.0,12.0,0.534431,1618333367.0,366985270.0,37.819697,-122.474756,10.118112,0.967735,0.251971,60.0,25.0,9.0,0.632631,240.0,12.347777777777775,7.163055555555555
1618333368.0,303668000.0,37.808237,-122.507358,13.328023,-0.889401,-0.457127,31.0,41.0,12.0,0.531484,1618333368.0,366985270.0,37.819709,-122.474699,10.12322,0.967474,0.252971,60.0,25.0,9.0,0.629025,240.0,12.346666666666668,7.163333333333333
1618333369.0,303668000.0,37.808209,-122.507427,13.331104,-0.889395,-0.457139,31.0,41.0,12.0,0.528537,1618333369.0,366985270.0,37.819721,-122.474641,10.127685,0.967214,0.253961,60.0,25.0,9.0,0.625419,240.0,12.345555555555556,7.163611111111111
1618333370.0,303668000.0,37.808181,-122.507497,13.334205,-0.889392,-0.457146,31.0,41.0,12.0,0.525588,1618333370.0,366985270.0,37.819733,-122.474584,10.131506,0.966956,0.254941,60.0,25.0,9.0,0.621811,240.0,12.344444444444443,7.163888888888889
1618333371.0,303668000.0,37.808152,-122.507566,13.337326,-0.889391,-0.457148,31.0,41.0,12.0,0.522639,1618333371.0,366985270.0,37.819745,-122.474527,10.134683,0.9667,0.255912,60.0,25.0,9.0,0.618202,240.0,12.343333333333334,7.164166666666667
1618333372.0,303668000.0,37.808124,-122.507635,13.340466,-0.889392,-0.457145,31.0,41.0,12.0,0.51969,1618333372.0,366985270.0,37.819757,-122.474469,10.137216,0.966445,0.256873,60.0,25.0,9.0,0.614592,240.0,12.342222222222222,7.164444444444444
1618333373.0,303668000.0,37.808096,-122.507705,13.343625,-0.889397,-0.457136,31.0,41.0,12.0,0.516739,1618333373.0,366985270.0,37.819769,-122.474412,10.139103,0.966192,0.257825,60.0,25.0,9.0,0.610981,240.0,12.341111111111111,7.164722222222222
1618333374.0,303668000.0,37.808068,-122.507774,13.346805,-0.889404,-0.457123,31.0,41.0,12.0,0.513789,1618333374.0,366985270.0,37.819781,-122.474354,10.140346,0.96594,0.258768,60.0,25.0,9.0,0.607371,240.0,12.34,7.165
1618333375.0,303668000.0,37.80804,-122.507844,13.350003,-0.889413,-0.457104,31.0,41.0,12.0,0.510837,1618333375.0,366985270.0,37.819793,-122.474297,10.140943,0.965689,0.259702,60.0,25.0,9.0,0.60376,240.0,12.338888888888889,7.165277777777778
1618333376.0,303668000.0,37.808011,-122.507913,13.353221,-0.889425,-0.45708,31.0,41.0,12.0,0.507884,1618333376.0,366985270.0,37.819805,-122.47424,10.140895,0.965439,0.260627,60.0,25.0,9.0,0.600149,240.0,12.337777777777776,7.165555555555556
1618333377.0,303668000.0,37.807983,-122.507983,13.356459,-0.88944,-0.457051,31.0,41.0,12.0,0.504931,1618333377.0,366985270.0,37.819818,-122.474182,10.140201,0.965192,0.261544,60.0,25.0,9.0,0.596539,240.0,12.336666666666666,7.1658333333333335
1618333378.0,303668000.0,37.807955,-122.508053,13.359716,-0.889458,-0.457017,31.0,41.0,12.0,0.501977,1618333378.0,366985270.0,37.81983,-122.474125,10.138861,0.964945,0.262453,60.0,25.0,9.0,0.592929,240.0,12.335555555555556,7.166111111111111
1618333379.0,303668000.0,37.807927,-122.508122,13.362993,-0.889478,-0.456978,31.0,41.0,12.0,0.499023,1618333379.0,366985270.0,37.819842,-122.474068,10.136875,0.964699,0.263353,60.0,25.0,9.0,0.58932,240.0,12.334444444444443,7.166388888888889
1618333380.0,303668000.0,37.807898,-122.508192,13.366289,-0.889501,-0.456934,31.0,41.0,12.0,0.496068,1618333380.0,366985270.0,37.819855,-122.474011,10.134242,0.964455,0.264246,60.0,25.0,9.0,0.585712,240.0,12.333333333333334,7.166666666666667
1618333381.0,303668000.0,37.80787,-122.508261,13.369605,-0.889526,-0.456885,31.0,41.0,12.0,0.493111,1618333381.0,366985270.0,37.819867,-122.473953,10.130963,0.964213,0.265131,60.0,25.0,9.0,0.582106,240.0,12.332222222222224,7.166944444444445
1618333382.0,303668000.0,37.807842,-122.508331,13.372941,-0.889554,-0.45683,31.0,41.0,12.0,0.490155,1618333382.0,366985270.0,37.819879,-122.473896,10.127036,0.963971,0.266008,60.0,25.0,9.0,0.578501,240.0,12.331111111111111,7.167222222222223
1618333383.0,303668000.0,37.807814,-122.508401,13.376296,-0.889584,-0.456771,31.0,41.0,12.0,0.487197,1618333383.0,366985270.0,37.819892,-122.473839,10.122463,0.96373,0.266877,60.0,25.0,9.0,0.574897,240.0,12.33,7.1675
1618333384.0,303668000.0,37.807785,-122.50847,13.379671,-0.889618,-0.456706,31.0,41.0,12.0,0.484239,1618333384.0,366985270.0,37.819904,-122.473782,10.117242,0.963491,0.26774,60.0,25.0,9.0,0.571296,240.0,12.328888888888889,7.167777777777777
1618333385.0,303668000.0,37.807757,-122.50854,13.383065,-0.889653,-0.456636,31.0,41.0,12.0,0.48128,1618333385.0,366985270.0,37.819917,-122.473725,10.111373,0.963253,0.268595,60.0,25.0,9.0,0.567696,240.0,12.327777777777778,7.168055555555555
1618333386.0,303668000.0,37.807729,-122.50861,13.386479,-0.889692,-0.456561,31.0,41.0,12.0,0.47832,1618333386.0,366985270.0,37.819929,-122.473668,10.104857,0.963016,0.269444,60.0,25.0,9.0,0.5641,240.0,12.326666666666666,7.168333333333333
1618333387.0,303668000.0,37.8077,-122.50868,13.389913,-0.889733,-0.456482,31.0,41.0,12.0,0.475359,1618333387.0,366985270.0,37.819942,-122.473611,10.097692,0.96278,0.270285,60.0,25.0,9.0,0.560505,240.0,12.325555555555557,7.168611111111111
1618333388.0,303668000.0,37.807672,-122.508749,13.393366,-0.889776,-0.456397,31.0,41.0,12.0,0.472397,1618333388.0,366985270.0,37.819955,-122.473554,10.089879,0.962546,0.27112,60.0,25.0,9.0,0.556914,240.0,12.324444444444444,7.168888888888889
1618333389.0,303668000.0,37.807644,-122.508819,13.39684,-0.889823,-0.456306,31.0,41.0,12.0,0.469435,1618333389.0,366985270.0,37.819967,-122.473497,10.081418,0.962312,0.271949,60.0,25.0,9.0,0.553326,240.0,12.323333333333334,7.1691666666666665
1618333390.0,303668000.0,37.807616,-122.508889,13.400332,-0.889871,-0.456211,31.0,41.0,12.0,0.466472,1618333390.0,366985270.0,37.81998,-122.47344,10.072426,0.96208,0.272767,60.0,25.0,9.0,0.549741,240.0,12.322222222222225,7.169444444444444
1618333391.0,303668000.0,37.807587,-122.508959,13.403845,-0.889923,-0.456111,31.0,41.0,12.0,0.463508,1618333391.0,366985270.0,37.819993,-122.473383,10.063371,0.961854,0.273565,60.0,25.0,9.0,0.54616,240.0,12.321111111111112,7.169722222222222
1618333392.0,303668000.0,37.807559,-122.509029,13.407378,-0.889977,-0.456006,31.0,41.0,12.0,0.460543,1618333392.0,366985270.0,37.820005,-122.473327,10.05437,0.961634,0.274337,60.0,25.0,9.0,0.542582,240.0,12.32,7.17
1618333393.0,303668000.0,37.807531,-122.509098,13.41093,-0.890033,-0.455895,31.0,41.0,12.0,0.457577,1618333393.0,366985270.0,37.820018,-122.47327,10.045422,0.96142,0.275084,60.0,25.0,9.0,0.539008,240.0,12.318888888888887,7.170277777777778
1618333394.0,303668000.0,37.807502,-122.509168,13.414502,-0.890092,-0.45578,31.0,41.0,12.0,0.454611,1618333394.0,366985270.0,37.820031,-122.473213,10.036527,0.961213,0.275806,60.0,25.0,9.0,0.535437,240.0,12.317777777777778,7.170555555555556
1618333395.0,303668000.0,37.807474,-122.509238,13.418094,-0.890154,-0.455659,31.0,41.0,12.0,0.451644,1618333395.0,366985270.0,37.820044,-122.473157,10.027684,0.961013,0.276503,60.0,25.0,9.0,0.53187,240.0,12.316666666666666,7.170833333333333
1618333396.0,303668000.0,37.807446,-122.509308,13.421706,-0.890218,-0.455534,31.0,41.0,12.0,0.448675,1618333396.0,366985270.0,37.820057,-122.4731,10.018892,0.96082,0.277174,60.0,25.0,9.0,0.528306,240.0,12.315555555555555,7.171111111111111
1618333397.0,303668000.0,37.807418,-122.509378,13.425338,-0.890285,-0.455403,31.0,41.0,12.0,0.445706,1618333397.0,366985270.0,37.820069,-122.473044,10.010152,0.960633,0.277821,60.0,25.0,9.0,0.524746,240.0,12.314444444444444,7.171388888888889
1618333398.0,303668000.0,37.807389,-122.509448,13.428989,-0.890355,-0.455268,31.0,41.0,12.0,0.442736,1618333398.0,366985270.0,37.820082,-122.472988,10.001461,0.960453,0.278442,60.0,25.0,9.0,0.521189,240.0,12.313333333333333,7.171666666666667
1618333399.0,303668000.0,37.807361,-122.509518,13.432661,-0.890427,-0.455127,31.0,41.0,12.0,0.439766,1618333399.0,366985270.0,37.820095,-122.472931,9.992821,0.96028,0.279037,60.0,25.0,9.0,0.517636,240.0,12.31222222222222,7.171944444444445
1618333400.0,303668000.0,37.807333,-122.509588,13.436353,-0.890501,-0.454981,31.0,41.0,12.0,0.436794,1618333400.0,366985270.0,37.820108,-122.472875,9.98423,0.960114,0.279607,60.0,25.0,9.0,0.514085,240.0,12.311111111111112,7.172222222222223
1618333401.0,303668000.0,37.807304,-122.509658,13.440065,-0.890578,-0.454831,31.0,41.0,12.0,0.433821,1618333401.0,366985270.0,37.820121,-122.472819,9.975688,0.959956,0.280152,60.0,25.0,9.0,0.510538,240.0,12.31,7.1725
1618333402.0,303668000.0,37.807276,-122.509728,13.443797,-0.890658,-0.454675,31.0,41.0,12.0,0.430848,1618333402.0,366985270.0,37.820134,-122.472763,9.967194,0.959804,0.280671,60.0,25.0,9.0,0.506995,240.0,12.30888888888889,7.172777777777778
1618333403.0,303668000.0,37.807248,-122.509798,13.447549,-0.89074,-0.454514,31.0,41.0,12.0,0.427873,1618333403.0,366985270.0,37.820147,-122.472707,9.958748,0.95966,0.281164,60.0,25.0,9.0,0.503454,240.0,12.307777777777778,7.173055555555556
1618333404.0,303668000.0,37.80722,-122.509869,13.451322,-0.890824,-0.454348,31.0,41.0,12.0,0.424898,1618333404.0,366985270.0,37.82016,-122.472651,9.95035,0.959522,0.281632,60.0,25.0,9.0,0.499917,240.0,12.306666666666668,7.173333333333334
1618333405.0,303668000.0,37.807191,-122.509939,13.455115,-0.890911,-0.454177,31.0,41.0,12.0,0.421922,1618333405.0,366985270.0,37.820173,-122.472595,9.941999,0.959393,0.282074,60.0,25.0,9.0,0.496383,240.0,12.305555555555555,7.173611111111111
1618333406.0,303668000.0,37.807163,-122.510009,13.458928,-0.891001,-0.454001,31.0,41.0,12.0,0.418944,1618333406.0,366985270.0,37.820186,-122.472539,9.933695,0.95927,0.28249,60.0,25.0,9.0,0.492852,240.0,12.304444444444444,7.1738888888888885
1618333407.0,303668000.0,37.807135,-122.510079,13.462761,-0.891093,-0.45382,31.0,41.0,12.0,0.415966,1618333407.0,366985270.0,37.820199,-122.472483,9.925437,0.959155,0.28288,60.0,25.0,9.0,0.489324,240.0,12.303333333333333,7.174166666666666
1618333408.0,303668000.0,37.807107,-122.510149,13.466615,-0.891188,-0.453634,31.0,41.0,12.0,0.412987,1618333408.0,366985270.0,37.820212,-122.472428,9.917225,0.959048,0.283244,60.0,25.0,9.0,0.4858,240.0,12.302222222222222,7.174444444444444
1618333409.0,303668000.0,37.807078,-122.51022,13.470489,-0.891285,-0.453444,31.0,41.0,12.0,0.410007,1618333409.0,366985270.0,37.820225,-122.472372,9.90906,0.958948,0.283582,60.0,25.0,9.0,0.482278,240.0,12.301111111111112,7.174722222222222
1618333410.0,303668000.0,37.80705,-122.51029,13.474356,-0.891384,-0.453248,31.0,41.0,12.0,0.407026,1618333410.0,366985270.0,37.820238,-122.472316,9.900939,0.958856,0.283895,60.0,25.0,9.0,0.47876,240.0,12.3,7.175
1618333411.0,303668000.0,37.807022,-122.51036,13.478107,-0.891484,-0.453051,31.0,41.0,12.0,0.404044,1618333411.0,366985270.0,37.820251,-122.472261,9.892864,0.958771,0.28418,60.0,25.0,9.0,0.475245,240.0,12.29888888888889,7.175277777777778
1618333412.0,303668000.0,37.806993,-122.510431,13.481714,-0.891585,-0.452854,31.0,41.0,12.0,0.401061,1618333412.0,366985270.0,37.820264,-122.472205,9.884834,0.958694,0.28444,60.0,25.0,9.0,0.471732,240.0,12.297777777777778,7.175555555555556
1618333413.0,303668000.0,37.806965,-122.510501,13.485177,-0.891686,-0.452655,31.0,41.0,12.0,0.398077,1618333413.0,366985270.0,37.820277,-122.47215,9.876849,0.958624,0.284674,60.0,25.0,9.0,0.468223,240.0,12.296666666666669,7.175833333333333
1618333414.0,303668000.0,37.806937,-122.510571,13.488496,-0.891787,-0.452455,31.0,41.0,12.0,0.395093,1618333414.0,366985270.0,37.82029,-122.472094,9.868908,0.958563,0.284881,60.0,25.0,9.0,0.464717,240.0,12.295555555555556,7.176111111111111
1618333415.0,303668000.0,37.806909,-122.510642,13.491672,-0.891889,-0.452254,31.0,41.0,12.0,0.392107,1618333415.0,366985270.0,37.820303,-122.472039,9.861012,0.958509,0.285062,60.0,25.0,9.0,0.461213,240.0,12.294444444444444,7.176388888888889
1618333416.0,303668000.0,37.806881,-122.510712,13.494704,-0.891991,-0.452053,31.0,41.0,12.0,0.389121,1618333416.0,366985270.0,37.820316,-122.471983,9.85316,0.958463,0.285216,60.0,25.0,9.0,0.457713,240.0,12.293333333333331,7.176666666666667
1618333417.0,303668000.0,37.806852,-122.510783,13.497592,-0.892094,-0.45185,31.0,41.0,12.0,0.386133,1618333417.0,366985270.0,37.820329,-122.471928,9.845352,0.958425,0.285344,60.0,25.0,9.0,0.454215,240.0,12.292222222222222,7.176944444444445
1618333418.0,303668000.0,37.806824,-122.510853,13.500336,-0.892197,-0.451646,31.0,41.0,12.0,0.383146,1618333418.0,366985270.0,37.820342,-122.471873,9.837588,0.958395,0.285445,60.0,25.0,9.0,0.45072,240.0,12.29111111111111,7.177222222222222
1618333419.0,303668000.0,37.806796,-122.510924,13.502936,-0.892301,-0.451442,31.0,41.0,12.0,0.380157,1618333419.0,366985270.0,37.820355,-122.471818,9.829868,0.958373,0.28552,60.0,25.0,9.0,0.447228,240.0,12.29,7.1775
1618333420.0,303668000.0,37.806768,-122.510994,13.505393,-0.892405,-0.451236,31.0,41.0,12.0,0.377168,1618333420.0,366985270.0,37.820368,-122.471762,9.822192,0.958358,0.285568,60.0,25.0,9.0,0.443739,240.0,12.28888888888889,7.177777777777778
1618333421.0,303668000.0,37.806739,-122.511065,13.507706,-0.892509,-0.451029,31.0,41.0,12.0,0.374178,1618333421.0,366985270.0,37.820381,-122.471707,9.81456,0.958352,0.285589,60.0,25.0,9.0,0.440252,240.0,12.287777777777778,7.178055555555556
1618333422.0,303668000.0,37.806711,-122.511136,13.509876,-0.892614,-0.450822,31.0,41.0,12.0,0.371187,1618333422.0,366985270.0,37.820394,-122.471652,9.806972,0.958354,0.285584,60.0,25.0,9.0,0.436769,240.0,12.286666666666669,7.178333333333334
1618333423.0,303668000.0,37.806683,-122.511206,13.511902,-0.892719,-0.450613,31.0,41.0,12.0,0.368196,1618333423.0,366985270.0,37.820407,-122.471597,9.799427,0.958363,0.285551,60.0,25.0,9.0,0.433287,240.0,12.285555555555556,7.178611111111112
1618333424.0,303668000.0,37.806655,-122.511277,13.513784,-0.892825,-0.450403,31.0,41.0,12.0,0.365204,1618333424.0,366985270.0,37.82042,-122.471542,9.791926,0.958381,0.285492,60.0,25.0,9.0,0.429809,240.0,12.284444444444444,7.178888888888888
1618333425.0,303668000.0,37.806627,-122.511348,13.515522,-0.892932,-0.450192,31.0,41.0,12.0,0.362212,1618333425.0,366985270.0,37.820433,-122.471487,9.784469,0.958407,0.285405,60.0,25.0,9.0,0.426333,240.0,12.283333333333331,7.179166666666666
1618333426.0,303668000.0,37.806599,-122.511418,13.517117,-0.893038,-0.449981,31.0,41.0,12.0,0.359219,1618333426.0,366985270.0,37.820445,-122.471432,9.777056,0.958441,0.285292,60.0,25.0,9.0,0.42286,240.0,12.282222222222222,7.179444444444444
1618333427.0,303668000.0,37.806571,-122.511489,13.518568,-0.893146,-0.449768,31.0,41.0,12.0,0.356226,1618333427.0,366985270.0,37.820458,-122.471377,9.769688,0.958483,0.285151,60.0,25.0,9.0,0.41939,240.0,12.28111111111111,7.179722222222222
1618333428.0,303668000.0,37.806542,-122.51156,13.519875,-0.893253,-0.449554,31.0,41.0,12.0,0.353232,1618333428.0,366985270.0,37.820471,-122.471323,9.762363,0.958532,0.284983,60.0,25.0,9.0,0.415922,240.0,12.28,7.18
1618333429.0,303668000.0,37.806514,-122.51163,13.521039,-0.893361,-0.449339,31.0,41.0,12.0,0.350238,1618333429.0,366985270.0,37.820484,-122.471268,9.755083,0.95859,0.284788,60.0,25.0,9.0,0.412457,240.0,12.278888888888888,7.1802777777777775
1618333430.0,303668000.0,37.806486,-122.511701,13.522059,-0.89347,-0.449123,31.0,41.0,12.0,0.347243,1618333430.0,366985270.0,37.820497,-122.471213,9.747847,0.958656,0.284566,60.0,25.0,9.0,0.408994,240.0,12.27777777777778,7.180555555555555
1618333431.0,303668000.0,37.806458,-122.511772,13.522935,-0.893579,-0.448906,31.0,41.0,12.0,0.344248,1618333431.0,366985270.0,37.82051,-122.471158,9.740656,0.958731,0.284316,60.0,25.0,9.0,0.405534,240.0,12.276666666666667,7.180833333333333
1618333432.0,303668000.0,37.80643,-122.511843,13.523668,-0.893689,-0.448687,31.0,41.0,12.0,0.341253,1618333432.0,366985270.0,37.820523,-122.471104,9.733509,0.958813,0.284039,60.0,25.0,9.0,0.402076,240.0,12.275555555555556,7.181111111111111
1618333433.0,303668000.0,37.806402,-122.511913,13.524258,-0.893799,-0.448468,31.0,41.0,12.0,0.338258,1618333433.0,366985270.0,37.820535,-122.471049,9.726408,0.958903,0.283734,60.0,25.0,9.0,0.39862,240.0,12.274444444444445,7.181388888888889
1618333434.0,303668000.0,37.806374,-122.511984,13.524703,-0.893909,-0.448248,31.0,41.0,12.0,0.335262,1618333434.0,366985270.0,37.820548,-122.470994,9.719353,0.959001,0.283402,60.0,25.0,9.0,0.395167,240.0,12.273333333333332,7.181666666666667
1618333435.0,303668000.0,37.806346,-122.512055,13.525006,-0.89402,-0.448026,31.0,41.0,12.0,0.332266,1618333435.0,366985270.0,37.820561,-122.47094,9.712343,0.959107,0.283042,60.0,25.0,9.0,0.391717,240.0,12.272222222222222,7.1819444444444445
1618333436.0,303668000.0,37.806318,-122.512126,13.525164,-0.894132,-0.447804,31.0,41.0,12.0,0.32927,1618333436.0,366985270.0,37.820574,-122.470885,9.705379,0.959222,0.282655,60.0,25.0,9.0,0.388268,240.0,12.27111111111111,7.182222222222222
1618333437.0,303668000.0,37.80629,-122.512197,13.525179,-0.894244,-0.44758,31.0,41.0,12.0,0.326274,1618333437.0,366985270.0,37.820586,-122.470831,9.698461,0.959344,0.282239,60.0,25.0,9.0,0.384822,240.0,12.27,7.1825
1618333438.0,303668000.0,37.806262,-122.512267,13.525051,-0.894356,-0.447355,31.0,41.0,12.0,0.323277,1618333438.0,366985270.0,37.820599,-122.470776,9.69159,0.959474,0.281796,60.0,25.0,9.0,0.381378,240.0,12.268888888888888,7.182777777777778
1618333439.0,303668000.0,37.806234,-122.512338,13.524779,-0.894469,-0.447129,31.0,41.0,12.0,0.320281,1618333439.0,366985270.0,37.820612,-122.470722,9.684766,0.959613,0.281325,60.0,25.0,9.0,0.377937,240.0,12.267777777777775,7.183055555555556
1618333440.0,303668000.0,37.806206,-122.512409,13.524364,-0.894583,-0.446902,31.0,41.0,12.0,0.317284,1618333440.0,366985270.0,37.820624,-122.470667,9.67799,0.959759,0.280826,60.0,25.0,9.0,0.374498,240.0,12.266666666666667,7.183333333333334
1618333441.0,303668000.0,37.806178,-122.51248,13.523805,-0.894697,-0.446674,31.0,41.0,12.0,0.314287,1618333441.0,366985270.0,37.820637,-122.470613,9.671262,0.959913,0.280299,60.0,25.0,9.0,0.371061,240.0,12.265555555555556,7.183611111111111
1618333442.0,303668000.0,37.80615,-122.512551,13.523102,-0.894811,-0.446444,31.0,41.0,12.0,0.311291,1618333442.0,366985270.0,37.820649,-122.470558,9.664582,0.960075,0.279744,60.0,25.0,9.0,0.367626,240.0,12.264444444444443,7.183888888888889
1618333443.0,303668000.0,37.806122,-122.512622,13.522256,-0.894926,-0.446214,31.0,41.0,12.0,0.308294,1618333443.0,366985270.0,37.820662,-122.470504,9.657951,0.960244,0.279161,60.0,25.0,9.0,0.364193,240.0,12.263333333333334,7.184166666666667
1618333444.0,303668000.0,37.806094,-122.512692,13.521267,-0.895042,-0.445982,31.0,41.0,12.0,0.305298,1618333444.0,366985270.0,37.820674,-122.47045,9.651369,0.960422,0.278549,60.0,25.0,9.0,0.360763,240.0,12.262222222222222,7.184444444444445
1618333445.0,303668000.0,37.806066,-122.512763,13.520134,-0.895158,-0.445749,31.0,41.0,12.0,0.302301,1618333445.0,366985270.0,37.820687,-122.470396,9.644837,0.960607,0.277909,60.0,25.0,9.0,0.357334,240.0,12.261111111111113,7.184722222222222
1618333446.0,303668000.0,37.806038,-122.512834,13.518858,-0.895275,-0.445515,31.0,41.0,12.0,0.299305,1618333446.0,366985270.0,37.820699,-122.470341,9.638356,0.9608,0.277241,60.0,25.0,9.0,0.353908,240.0,12.26,7.185
1618333447.0,303668000.0,37.80601,-122.512905,13.517439,-0.895392,-0.445279,31.0,41.0,12.0,0.296309,1618333447.0,366985270.0,37.820712,-122.470287,9.631926,0.961001,0.276545,60.0,25.0,9.0,0.350483,240.0,12.258888888888889,7.185277777777777
1618333448.0,303668000.0,37.805983,-122.512976,13.515876,-0.895509,-0.445043,31.0,41.0,12.0,0.293313,1618333448.0,366985270.0,37.820724,-122.470233,9.625547,0.961209,0.27582,60.0,25.0,9.0,0.347061,240.0,12.257777777777775,7.185555555555555
1618333449.0,303668000.0,37.805955,-122.513047,13.514169,-0.895627,-0.444805,31.0,41.0,12.0,0.290317,1618333449.0,366985270.0,37.820736,-122.470179,9.619221,0.961425,0.275066,60.0,25.0,9.0,0.34364,240.0,12.256666666666666,7.185833333333333
1618333450.0,303668000.0,37.805927,-122.513118,13.512319,-0.895746,-0.444566,31.0,41.0,12.0,0.287322,1618333450.0,366985270.0,37.820748,-122.470124,9.612948,0.961649,0.274284,60.0,25.0,9.0,0.340222,240.0,12.255555555555556,7.186111111111111
1618333451.0,303668000.0,37.805899,-122.513189,13.510326,-0.895865,-0.444326,31.0,41.0,12.0,0.284326,1618333451.0,366985270.0,37.820761,-122.47007,9.606728,0.961879,0.273474,60.0,25.0,9.0,0.336805,240.0,12.254444444444443,7.186388888888889
1618333452.0,303668000.0,37.805871,-122.513259,13.50819,-0.895985,-0.444084,31.0,41.0,12.0,0.281331,1618333452.0,366985270.0,37.820773,-122.470016,9.600562,0.962118,0.272634,60.0,25.0,9.0,0.333391,240.0,12.253333333333334,7.1866666666666665
1618333453.0,303668000.0,37.805844,-122.51333,13.50591,-0.896105,-0.443842,31.0,41.0,12.0,0.278337,1618333453.0,366985270.0,37.820785,-122.469962,9.594452,0.962363,0.271766,60.0,25.0,9.0,0.329978,240.0,12.252222222222224,7.186944444444444
1618333454.0,303668000.0,37.805816,-122.513401,13.503487,-0.896226,-0.443598,31.0,41.0,12.0,0.275343,1618333454.0,366985270.0,37.820797,-122.469908,9.588398,0.962616,0.270869,60.0,25.0,9.0,0.326567,240.0,12.251111111111111,7.187222222222222
1618333455.0,303668000.0,37.805788,-122.513472,13.500921,-0.896347,-0.443353,31.0,41.0,12.0,0.272349,1618333455.0,366985270.0,37.820809,-122.469854,9.5824,0.962876,0.269943,60.0,25.0,9.0,0.323157,240.0,12.25,7.1875
1618333456.0,303668000.0,37.80576,-122.513543,13.498211,-0.896469,-0.443106,31.0,41.0,12.0,0.269355,1618333456.0,366985270.0,37.820821,-122.4698,9.576459,0.963143,0.268988,60.0,25.0,9.0,0.31975,240.0,12.248888888888889,7.187777777777778
1618333457.0,303668000.0,37.805733,-122.513614,13.495358,-0.896592,-0.442858,31.0,41.0,12.0,0.266362,1618333457.0,366985270.0,37.820833,-122.469746,9.570577,0.963418,0.268004,60.0,25.0,9.0,0.316344,240.0,12.247777777777776,7.188055555555556
1618333458.0,303668000.0,37.805705,-122.513685,13.492362,-0.896715,-0.442609,31.0,41.0,12.0,0.26337,1618333458.0,366985270.0,37.820845,-122.469692,9.564754,0.963699,0.266991,60.0,25.0,9.0,0.31294,240.0,12.246666666666666,7.1883333333333335
1618333459.0,303668000.0,37.805677,-122.513755,13.489223,-0.896838,-0.442359,31.0,41.0,12.0,0.260378,1618333459.0,366985270.0,37.820857,-122.469638,9.558991,0.963987,0.265949,60.0,25.0,9.0,0.309538,240.0,12.245555555555557,7.188611111111111
1618333460.0,303668000.0,37.80565,-122.513826,13.48594,-0.896962,-0.442107,31.0,41.0,12.0,0.257387,1618333460.0,366985270.0,37.820868,-122.469584,9.553289,0.964282,0.264878,60.0,25.0,9.0,0.306137,240.0,12.244444444444444,7.188888888888889
1618333461.0,303668000.0,37.805622,-122.513897,13.482514,-0.897087,-0.441854,31.0,41.0,12.0,0.254396,1618333461.0,366985270.0,37.82088,-122.46953,9.547702,0.964581,0.263785,60.0,25.0,9.0,0.302738,240.0,12.243333333333334,7.189166666666667
1618333462.0,303668000.0,37.805595,-122.513968,13.478945,-0.897212,-0.4416,31.0,41.0,12.0,0.251406,1618333462.0,366985270.0,37.820892,-122.469476,9.542443,0.964877,0.262703,60.0,25.0,9.0,0.29934,240.0,12.242222222222225,7.189444444444445
1618333463.0,303668000.0,37.805567,-122.514039,13.475233,-0.897338,-0.441344,31.0,41.0,12.0,0.248417,1618333463.0,366985270.0,37.820903,-122.469422,9.537564,0.965166,0.26164,60.0,25.0,9.0,0.295944,240.0,12.241111111111111,7.189722222222223
1618333464.0,303668000.0,37.80554,-122.51411,13.471377,-0.897464,-0.441087,31.0,41.0,12.0,0.245428,1618333464.0,366985270.0,37.820915,-122.469368,9.533065,0.965448,0.260596,60.0,25.0,9.0,0.292549,240.0,12.24,7.19
1618333465.0,303668000.0,37.805512,-122.51418,13.467379,-0.897591,-0.440829,31.0,41.0,12.0,0.24244,1618333465.0,366985270.0,37.820926,-122.469314,9.528946,0.965724,0.259571,60.0,25.0,9.0,0.289156,240.0,12.238888888888887,7.190277777777778
1618333466.0,303668000.0,37.805485,-122.514251,13.463237,-0.897719,-0.440569,31.0,41.0,12.0,0.239452,1618333466.0,366985270.0,37.820938,-122.46926,9.525205,0.965994,0.258566,60.0,25.0,9.0,0.285763,240.0,12.237777777777778,7.190555555555555
1618333467.0,303668000.0,37.805457,-122.514322,13.458952,-0.897847,-0.440308,31.0,41.0,12.0,0.236466,1618333467.0,366985270.0,37.820949,-122.469207,9.521843,0.966257,0.257579,60.0,25.0,9.0,0.282372,240.0,12.236666666666666,7.190833333333333
1618333468.0,303668000.0,37.80543,-122.514393,13.454524,-0.897976,-0.440045,31.0,41.0,12.0,0.23348,1618333468.0,366985270.0,37.82096,-122.469153,9.518858,0.966514,0.256613,60.0,25.0,9.0,0.278981,240.0,12.235555555555557,7.191111111111111
1618333469.0,303668000.0,37.805402,-122.514463,13.449953,-0.898105,-0.439781,31.0,41.0,12.0,0.230495,1618333469.0,366985270.0,37.820972,-122.469099,9.516249,0.966765,0.255666,60.0,25.0,9.0,0.275591,240.0,12.234444444444444,7.191388888888889
1618333470.0,303668000.0,37.805375,-122.514534,13.445239,-0.898235,-0.439516,31.0,41.0,12.0,0.227511,1618333470.0,366985270.0,37.820983,-122.469045,9.514017,0.96701,0.25474,60.0,25.0,9.0,0.272202,240.0,12.233333333333333,7.191666666666666
1618333471.0,303668000.0,37.805348,-122.514605,13.440382,-0.898365,-0.439249,31.0,41.0,12.0,0.224528,1618333471.0,366985270.0,37.820994,-122.468991,9.512161,0.967248,0.253833,60.0,25.0,9.0,0.268813,240.0,12.232222222222225,7.191944444444444
1618333472.0,303668000.0,37.80532,-122.514676,13.435382,-0.898496,-0.438981,31.0,41.0,12.0,0.221546,1618333472.0,366985270.0,37.821005,-122.468937,9.51068,0.96748,0.252947,60.0,25.0,9.0,0.265424,240.0,12.231111111111112,7.192222222222222
1618333473.0,303668000.0,37.805293,-122.514746,13.430239,-0.898628,-0.438711,31.0,41.0,12.0,0.218565,1618333473.0,366985270.0,37.821017,-122.468883,9.509573,0.967706,0.252081,60.0,25.0,9.0,0.262036,240.0,12.23,7.1925
1618333474.0,303668000.0,37.805266,-122.514817,13.424953,-0.89876,-0.43844,31.0,41.0,12.0,0.215584,1618333474.0,366985270.0,37.821028,-122.468829,9.50884,0.967926,0.251235,60.0,25.0,9.0,0.258647,240.0,12.22888888888889,7.192777777777778
1618333475.0,303668000.0,37.805239,-122.514888,13.419524,-0.898893,-0.438168,31.0,41.0,12.0,0.212605,1618333475.0,366985270.0,37.821039,-122.468775,9.508481,0.96814,0.25041,60.0,25.0,9.0,0.255259,240.0,12.227777777777778,7.193055555555556
1618333476.0,303668000.0,37.805211,-122.514958,13.413952,-0.899027,-0.437894,31.0,41.0,12.0,0.209627,1618333476.0,366985270.0,37.82105,-122.468721,9.508494,0.968347,0.249606,60.0,25.0,9.0,0.25187,240.0,12.226666666666668,7.193333333333333
1618333477.0,303668000.0,37.805184,-122.515029,13.408237,-0.899161,-0.437618,31.0,41.0,12.0,0.20665,1618333477.0,366985270.0,37.821061,-122.468668,9.508881,0.968549,0.248823,60.0,25.0,9.0,0.248482,240.0,12.225555555555555,7.193611111111111
1618333478.0,303668000.0,37.805157,-122.515099,13.402379,-0.899296,-0.437341,31.0,41.0,12.0,0.203674,1618333478.0,366985270.0,37.821072,-122.468614,9.509639,0.968745,0.24806,60.0,25.0,9.0,0.245092,240.0,12.224444444444444,7.193888888888889
1618333479.0,303668000.0,37.80513,-122.51517,13.396378,-0.899431,-0.437063,31.0,41.0,12.0,0.200699,1618333479.0,366985270.0,37.821083,-122.46856,9.510768,0.968934,0.247319,60.0,25.0,9.0,0.241703,240.0,12.223333333333333,7.194166666666667
1618333480.0,303668000.0,37.805103,-122.515241,13.390234,-0.899567,-0.436782,31.0,41.0,12.0,0.197726,1618333480.0,366985270.0,37.821093,-122.468506,9.512268,0.969118,0.246598,60.0,25.0,9.0,0.238312,240.0,12.22222222222222,7.194444444444445
1618333481.0,303668000.0,37.805076,-122.515311,13.383948,-0.899704,-0.436501,31.0,41.0,12.0,0.194753,1618333481.0,366985270.0,37.821104,-122.468452,9.514139,0.969295,0.245899,60.0,25.0,9.0,0.234921,240.0,12.221111111111112,7.194722222222223
1618333482.0,303668000.0,37.805049,-122.515382,13.377518,-0.899841,-0.436218,31.0,41.0,12.0,0.191782,1618333482.0,366985270.0,37.821115,-122.468398,9.51638,0.969467,0.245221,60.0,25.0,9.0,0.231529,240.0,12.22,7.195
1618333483.0,303668000.0,37.805022,-122.515452,13.370946,-0.899979,-0.435933,31.0,41.0,12.0,0.188812,1618333483.0,366985270.0,37.821126,-122.468344,9.518991,0.969633,0.244565,60.0,25.0,9.0,0.228136,240.0,12.21888888888889,7.195277777777778
1618333484.0,303668000.0,37.804995,-122.515523,13.364231,-0.900118,-0.435647,31.0,41.0,12.0,0.185844,1618333484.0,366985270.0,37.821137,-122.46829,9.521971,0.969793,0.24393,60.0,25.0,9.0,0.224742,240.0,12.217777777777778,7.195555555555556
1618333485.0,303668000.0,37.804968,-122.515593,13.357373,-0.900257,-0.435359,31.0,41.0,12.0,0.182877,1618333485.0,366985270.0,37.821147,-122.468236,9.525319,0.969947,0.243316,60.0,25.0,9.0,0.221346,240.0,12.216666666666669,7.195833333333334
1618333486.0,303668000.0,37.804941,-122.515663,13.350372,-0.900397,-0.435069,31.0,41.0,12.0,0.179911,1618333486.0,366985270.0,37.821158,-122.468181,9.529036,0.970095,0.242724,60.0,25.0,9.0,0.217949,240.0,12.215555555555556,7.196111111111111
1618333487.0,303668000.0,37.804914,-122.515734,13.343229,-0.900537,-0.434778,31.0,41.0,12.0,0.176946,1618333487.0,366985270.0,37.821169,-122.468127,9.533121,0.970238,0.242153,60.0,25.0,9.0,0.214551,240.0,12.214444444444444,7.1963888888888885
1618333488.0,303668000.0,37.804887,-122.515804,13.335943,-0.900679,-0.434486,31.0,41.0,12.0,0.173983,1618333488.0,366985270.0,37.82118,-122.468073,9.537574,0.970375,0.241604,60.0,25.0,9.0,0.211151,240.0,12.213333333333331,7.196666666666666
1618333489.0,303668000.0,37.80486,-122.515874,13.328514,-0.900821,-0.434191,31.0,41.0,12.0,0.171022,1618333489.0,366985270.0,37.82119,-122.468019,9.542393,0.970506,0.241077,60.0,25.0,9.0,0.207749,240.0,12.212222222222222,7.196944444444444
1618333490.0,303668000.0,37.804834,-122.515945,13.320942,-0.900963,-0.433895,31.0,41.0,12.0,0.168062,1618333490.0,366985270.0,37.821201,-122.467965,9.54758,0.970631,0.240572,60.0,25.0,9.0,0.204345,240.0,12.21111111111111,7.197222222222222
1618333491.0,303668000.0,37.804807,-122.516015,13.313228,-0.901106,-0.433598,31.0,41.0,12.0,0.165103,1618333491.0,366985270.0,37.821211,-122.46791,9.553133,0.970751,0.240088,60.0,25.0,9.0,0.200939,240.0,12.21,7.1975
1618333492.0,303668000.0,37.80478,-122.516085,13.305371,-0.90125,-0.433299,31.0,41.0,12.0,0.162146,1618333492.0,366985270.0,37.821222,-122.467856,9.559053,0.970865,0.239626,60.0,25.0,9.0,0.197531,240.0,12.20888888888889,7.197777777777778
1618333493.0,303668000.0,37.804754,-122.516156,13.297372,-0.901395,-0.432998,31.0,41.0,12.0,0.159191,1618333493.0,366985270.0,37.821233,-122.467802,9.565339,0.970974,0.239186,60.0,25.0,9.0,0.194121,240.0,12.207777777777778,7.198055555555555
1618333494.0,303668000.0,37.804727,-122.516226,13.28923,-0.90154,-0.432695,31.0,41.0,12.0,0.156237,1618333494.0,366985270.0,37.821243,-122.467747,9.57199,0.971077,0.238767,60.0,25.0,9.0,0.190709,240.0,12.206666666666669,7.198333333333333
1618333495.0,303668000.0,37.8047,-122.516296,13.280945,-0.901686,-0.432391,31.0,41.0,12.0,0.153285,1618333495.0,366985270.0,37.821254,-122.467693,9.579006,0.971174,0.238371,60.0,25.0,9.0,0.187294,240.0,12.205555555555556,7.198611111111111
1618333496.0,303668000.0,37.804674,-122.516366,13.272518,-0.901833,-0.432085,31.0,41.0,12.0,0.150335,1618333496.0,366985270.0,37.821264,-122.467638,9.586388,0.971266,0.237996,60.0,25.0,9.0,0.183876,240.0,12.204444444444444,7.198888888888889
1618333497.0,303668000.0,37.804647,-122.516436,13.263948,-0.901981,-0.431777,31.0,41.0,12.0,0.147386,1618333497.0,366985270.0,37.821275,-122.467584,9.594135,0.971353,0.237643,60.0,25.0,9.0,0.180456,240.0,12.203333333333331,7.199166666666667
1618333498.0,303668000.0,37.804621,-122.516506,13.255236,-0.902129,-0.431467,31.0,41.0,12.0,0.144439,1618333498.0,366985270.0,37.821285,-122.467529,9.602246,0.971433,0.237312,60.0,25.0,9.0,0.177032,240.0,12.202222222222222,7.1994444444444445
1618333499.0,303668000.0,37.804594,-122.516576,13.246381,-0.902278,-0.431156,31.0,41.0,12.0,0.141494,1618333499.0,366985270.0,37.821296,-122.467475,9.610722,0.971509,0.237003,60.0,25.0,9.0,0.173606,240.0,12.20111111111111,7.199722222222222
1618333500.0,303668000.0,37.804568,-122.516646,13.237383,-0.902427,-0.430843,31.0,41.0,12.0,0.13855,1618333500.0,366985270.0,37.821307,-122.46742,9.619562,0.971579,0.236715,60.0,25.0,9.0,0.170177,240.0,12.2,7.2
1618333501.0,303668000.0,37.804541,-122.516716,13.228244,-0.902577,-0.430528,31.0,41.0,12.0,0.135609,1618333501.0,366985270.0,37.821317,-122.467365,9.628766,0.971644,0.23645,60.0,25.0,9.0,0.166744,240.0,12.198888888888888,7.200277777777778
1618333502.0,303668000.0,37.804515,-122.516786,13.218962,-0.902728,-0.430211,31.0,41.0,12.0,0.132669,1618333502.0,366985270.0,37.821328,-122.46731,9.638333,0.971703,0.236206,60.0,25.0,9.0,0.163308,240.0,12.197777777777778,7.200555555555556
1618333503.0,303668000.0,37.804489,-122.516856,13.209537,-0.90288,-0.429892,31.0,41.0,12.0,0.129731,1618333503.0,366985270.0,37.821338,-122.467256,9.648265,0.971757,0.235984,60.0,25.0,9.0,0.159868,240.0,12.196666666666667,7.200833333333334
1618333504.0,303668000.0,37.804463,-122.516926,13.19997,-0.903033,-0.429572,31.0,41.0,12.0,0.126795,1618333504.0,366985270.0,37.821349,-122.467201,9.65856,0.971806,0.235783,60.0,25.0,9.0,0.156425,240.0,12.195555555555556,7.201111111111112
1618333505.0,303668000.0,37.804436,-122.516996,13.190261,-0.903186,-0.42925,31.0,41.0,12.0,0.123861,1618333505.0,366985270.0,37.821359,-122.467146,9.669219,0.971849,0.235604,60.0,25.0,9.0,0.152978,240.0,12.194444444444445,7.201388888888889
1618333506.0,303668000.0,37.80441,-122.517065,13.180409,-0.90334,-0.428926,31.0,41.0,12.0,0.12093,1618333506.0,366985270.0,37.82137,-122.467091,9.680241,0.971887,0.235447,60.0,25.0,9.0,0.149528,240.0,12.193333333333332,7.201666666666666
1618333507.0,303668000.0,37.804384,-122.517135,13.170415,-0.903495,-0.4286,31.0,41.0,12.0,0.118,1618333507.0,366985270.0,37.82138,-122.467036,9.691626,0.97192,0.235311,60.0,25.0,9.0,0.146073,240.0,12.192222222222222,7.201944444444444
1618333508.0,303668000.0,37.804358,-122.517205,13.160279,-0.90365,-0.428272,31.0,41.0,12.0,0.115072,1618333508.0,366985270.0,37.821391,-122.46698,9.703374,0.971948,0.235196,60.0,25.0,9.0,0.142614,240.0,12.19111111111111,7.202222222222222
1618333509.0,303668000.0,37.804332,-122.517274,13.15,-0.903806,-0.427942,31.0,41.0,12.0,0.112146,1618333509.0,366985270.0,37.821401,-122.466925,9.715485,0.97197,0.235103,60.0,25.0,9.0,0.139151,240.0,12.19,7.2025
1618333510.0,303668000.0,37.804306,-122.517344,13.13958,-0.903963,-0.42761,31.0,41.0,12.0,0.109222,1618333510.0,366985270.0,37.821412,-122.46687,9.727959,0.971988,0.235032,60.0,25.0,9.0,0.135684,240.0,12.188888888888888,7.2027777777777775
1618333511.0,303668000.0,37.80428,-122.517413,13.129017,-0.904121,-0.427276,31.0,41.0,12.0,0.106301,1618333511.0,366985270.0,37.821423,-122.466814,9.740797,0.972,0.234981,60.0,25.0,9.0,0.132212,240.0,12.18777777777778,7.203055555555555
1618333512.0,303668000.0,37.804254,-122.517483,13.118312,-0.90428,-0.426941,31.0,41.0,12.0,0.103382,1618333512.0,366985270.0,37.821433,-122.466759,9.753997,0.972007,0.234952,60.0,25.0,9.0,0.128735,240.0,12.186666666666667,7.203333333333333
1618333513.0,303668000.0,37.804228,-122.517552,13.107464,-0.904439,-0.426603,31.0,41.0,12.0,0.100465,1618333513.0,366985270.0,37.821444,-122.466703,9.76756,0.972009,0.234944,60.0,25.0,9.0,0.125254,240.0,12.185555555555556,7.203611111111111
1618333514.0,303668000.0,37.804202,-122.517622,13.096475,-0.904599,-0.426263,31.0,41.0,12.0,0.09755,1618333514.0,366985270.0,37.821454,-122.466648,9.781485,0.972006,0.234957,60.0,25.0,9.0,0.121768,240.0,12.184444444444445,7.203888888888889
1618333515.0,303668000.0,37.804176,-122.517691,13.085344,-0.90476,-0.425922,31.0,41.0,12.0,0.094637,1618333515.0,366985270.0,37.821465,-122.466592,9.795774,0.971998,0.23499,60.0,25.0,9.0,0.118277,240.0,12.183333333333334,7.204166666666667
1618333516.0,303668000.0,37.80415,-122.517761,13.07407,-0.904922,-0.425578,31.0,41.0,12.0,0.091727,1618333516.0,366985270.0,37.821476,-122.466536,9.810426,0.971984,0.235045,60.0,25.0,9.0,0.114781,240.0,12.182222222222222,7.204444444444444
1618333517.0,303668000.0,37.804125,-122.51783,13.062654,-0.905084,-0.425232,31.0,41.0,12.0,0.088819,1618333517.0,366985270.0,37.821486,-122.466481,9.82544,0.971966,0.23512,60.0,25.0,9.0,0.11128,240.0,12.181111111111113,7.204722222222222
1618333518.0,303668000.0,37.804099,-122.517899,13.051097,-0.905248,-0.424884,31.0,41.0,12.0,0.085913,1618333518.0,366985270.0,37.821497,-122.466425,9.840818,0.971943,0.235216,60.0,25.0,9.0,0.107773,240.0,12.18,7.205
1618333519.0,303668000.0,37.804073,-122.517968,13.039397,-0.905412,-0.424534,31.0,41.0,12.0,0.08301,1618333519.0,366985270.0,37.821508,-122.466369,9.856559,0.971915,0.235333,60.0,25.0,9.0,0.104261,240.0,12.178888888888888,7.205277777777778
1618333520.0,303668000.0,37.804048,-122.518037,13.027556,-0.905577,-0.424182,31.0,41.0,12.0,0.080109,1618333520.0,366985270.0,37.821518,-122.466312,9.872662,0.971882,0.23547,60.0,25.0,9.0,0.100744,240.0,12.177777777777775,7.205555555555556
1618333521.0,303668000.0,37.804022,-122.518106,13.015572,-0.905743,-0.423828,31.0,41.0,12.0,0.077211,1618333521.0,366985270.0,37.821529,-122.466256,9.889129,0.971844,0.235627,60.0,25.0,9.0,0.09722,240.0,12.176666666666666,7.205833333333333
1618333522.0,303668000.0,37.803997,-122.518175,13.003447,-0.905909,-0.423472,31.0,41.0,12.0,0.074315,1618333522.0,366985270.0,37.82154,-122.4662,9.905878,0.9718,0.235805,60.0,25.0,9.0,0.093691,240.0,12.175555555555556,7.206111111111111
1618333523.0,303668000.0,37.803971,-122.518244,12.991179,-0.906077,-0.423114,31.0,41.0,12.0,0.071422,1618333523.0,366985270.0,37.821551,-122.466144,9.922582,0.971751,0.236007,60.0,25.0,9.0,0.090156,240.0,12.174444444444443,7.206388888888889
1618333524.0,303668000.0,37.803946,-122.518313,12.97877,-0.906245,-0.422753,31.0,41.0,12.0,0.068531,1618333524.0,366985270.0,37.821562,-122.466087,9.939159,0.971696,0.236235,60.0,25.0,9.0,0.086615,240.0,12.173333333333334,7.206666666666667
1618333525.0,303668000.0,37.80392,-122.518382,12.966219,-0.906414,-0.42239,31.0,41.0,12.0,0.065643,1618333525.0,366985270.0,37.821573,-122.466031,9.95561,0.971635,0.236487,60.0,25.0,9.0,0.083068,240.0,12.172222222222222,7.206944444444445
1618333526.0,303668000.0,37.803895,-122.518451,12.953527,-0.906584,-0.422025,31.0,41.0,12.0,0.062758,1618333526.0,366985270.0,37.821583,-122.465974,9.971934,0.971567,0.236764,60.0,25.0,9.0,0.079516,240.0,12.171111111111111,7.207222222222223
1618333527.0,303668000.0,37.80387,-122.51852,12.940692,-0.906755,-0.421658,31.0,41.0,12.0,0.059875,1618333527.0,366985270.0,37.821594,-122.465917,9.988133,0.971494,0.237066,60.0,25.0,9.0,0.075957,240.0,12.17,7.2075
1618333528.0,303668000.0,37.803844,-122.518589,12.927716,-0.906927,-0.421288,31.0,41.0,12.0,0.056995,1618333528.0,366985270.0,37.821605,-122.46586,10.004206,0.971414,0.237392,60.0,25.0,9.0,0.072393,240.0,12.168888888888889,7.207777777777777
1618333529.0,303668000.0,37.803819,-122.518657,12.914598,-0.907099,-0.420916,31.0,41.0,12.0,0.054117,1618333529.0,366985270.0,37.821616,-122.465803,10.020154,0.971328,0.237743,60.0,25.0,9.0,0.068824,240.0,12.167777777777776,7.208055555555555
1618333530.0,303668000.0,37.803794,-122.518726,12.901339,-0.907273,-0.420542,31.0,41.0,12.0,0.051242,1618333530.0,366985270.0,37.821627,-122.465746,10.035976,0.971236,0.238118,60.0,25.0,9.0,0.065248,240.0,12.166666666666666,7.208333333333333
1618333531.0,303668000.0,37.803769,-122.518794,12.887937,-0.907447,-0.420166,31.0,41.0,12.0,0.04837,1618333531.0,366985270.0,37.821638,-122.465689,10.051674,0.971138,0.238517,60.0,25.0,9.0,0.061668,240.0,12.165555555555557,7.208611111111111
1618333532.0,303668000.0,37.803744,-122.518863,12.874395,-0.907623,-0.419787,31.0,41.0,12.0,0.045501,1618333532.0,366985270.0,37.821649,-122.465632,10.067248,0.971034,0.23894,60.0,25.0,9.0,0.058081,240.0,12.164444444444444,7.208888888888889
1618333533.0,303668000.0,37.803719,-122.518931,12.86071,-0.907799,-0.419406,31.0,41.0,12.0,0.042635,1618333533.0,366985270.0,37.821661,-122.465575,10.082697,0.970924,0.239387,60.0,25.0,9.0,0.05449,240.0,12.163333333333334,7.209166666666666
1618333534.0,303668000.0,37.803694,-122.519,12.846885,-0.907976,-0.419022,31.0,41.0,12.0,0.039771,1618333534.0,366985270.0,37.821672,-122.465518,10.098022,0.970808,0.239859,60.0,25.0,9.0,0.050893,240.0,12.162222222222224,7.209444444444444
1618333535.0,303668000.0,37.803669,-122.519068,12.832917,-0.908154,-0.418637,31.0,41.0,12.0,0.036911,1618333535.0,366985270.0,37.821683,-122.46546,10.113224,0.970685,0.240353,60.0,25.0,9.0,0.04729,240.0,12.161111111111111,7.209722222222222
1618333536.0,303668000.0,37.803644,-122.519136,12.818809,-0.908333,-0.418248,31.0,41.0,12.0,0.034053,1618333536.0,366985270.0,37.821694,-122.465403,10.128303,0.970557,0.240872,60.0,25.0,9.0,0.043683,240.0,12.16,7.21
1618333537.0,303668000.0,37.803619,-122.519204,12.804558,-0.908513,-0.417857,31.0,41.0,12.0,0.031198,1618333537.0,366985270.0,37.821705,-122.465345,10.143259,0.970422,0.241414,60.0,25.0,9.0,0.04007,240.0,12.158888888888889,7.210277777777778
1618333538.0,303668000.0,37.803595,-122.519272,12.790167,-0.908693,-0.417464,31.0,41.0,12.0,0.028346,1618333538.0,366985270.0,37.821717,-122.465287,10.158093,0.970281,0.24198,60.0,25.0,9.0,0.036452,240.0,12.157777777777778,7.210555555555556
1618333539.0,303668000.0,37.80357,-122.51934,12.775634,-0.908875,-0.417068,31.0,41.0,12.0,0.025498,1618333539.0,366985270.0,37.821728,-122.46523,10.172805,0.970134,0.242569,60.0,25.0,9.0,0.032829,240.0,12.156666666666666,7.210833333333333
1618333540.0,303668000.0,37.803545,-122.519408,12.76096,-0.909058,-0.41667,31.0,41.0,12.0,0.022652,1618333540.0,366985270.0,37.82174,-122.465172,10.187396,0.969981,0.243182,60.0,25.0,9.0,0.029201,240.0,12.155555555555557,7.211111111111111
1618333541.0,303668000.0,37.803521,-122.519476,12.746144,-0.909241,-0.416269,31.0,41.0,12.0,0.019809,1618333541.0,366985270.0,37.821751,-122.465114,10.201866,0.969821,0.243817,60.0,25.0,9.0,0.025567,240.0,12.154444444444444,7.211388888888889
1618333542.0,303668000.0,37.803496,-122.519544,12.731187,-0.909426,-0.415866,31.0,41.0,12.0,0.01697,1618333542.0,366985270.0,37.821763,-122.465056,10.216215,0.969655,0.244476,60.0,25.0,9.0,0.021929,240.0,12.153333333333332,7.211666666666667
1618333543.0,303668000.0,37.803472,-122.519612,12.71609,-0.909611,-0.41546,31.0,41.0,12.0,0.014134,1618333543.0,366985270.0,37.821774,-122.464998,10.230445,0.969483,0.245158,60.0,25.0,9.0,0.018286,240.0,12.152222222222225,7.211944444444445
1618333544.0,303668000.0,37.803447,-122.51968,12.70085,-0.909798,-0.415052,31.0,41.0,12.0,0.0113,1618333544.0,366985270.0,37.821786,-122.46494,10.244556,0.969305,0.245863,60.0,25.0,9.0,0.014639,240.0,12.151111111111112,7.2122222222222225
1618333545.0,303668000.0,37.803423,-122.519747,12.68547,-0.909985,-0.41464,31.0,41.0,12.0,0.00847,1618333545.0,366985270.0,37.821797,-122.464882,10.258548,0.96912,0.24659,60.0,25.0,9.0,0.010986,240.0,12.15,7.2125
1618333546.0,303668000.0,37.803399,-122.519815,12.669949,-0.910174,-0.414227,31.0,41.0,12.0,0.005644,1618333546.0,366985270.0,37.821809,-122.464824,10.272421,0.968929,0.247341,60.0,25.0,9.0,0.007329,240.0,12.148888888888887,7.212777777777778
1618333547.0,303668000.0,37.803374,-122.519883,12.654287,-0.910363,-0.41381,31.0,41.0,12.0,0.00282,1618333547.0,366985270.0,37.821821,-122.464765,10.286178,0.968731,0.248114,60.0,25.0,9.0,0.003667,240.0,12.147777777777778,7.213055555555556
1618333548.0,303668000.0,37.80335,-122.51995,12.654287,-0.910363,-0.41381,31.0,41.0,12.0,0.0,1618333548.0,366985270.0,37.821833,-122.464707,10.286178,0.968731,0.248114,60.0,25.0,9.0,0.0,240.0,12.146666666666668,7.213333333333333
